ID	Name	ID equation	SMILES equation	Rxn hash	Reaction rules
pkr0000001		(1) cpd03091[c0] => (1) pkc0000048[c0]	(1) CC1OC(n2cnc3c(N)ncnc32)C(O)C1O => (1) CCOC1C(O)C(O)c2nc3c(N)ncnc3n21	R00af0d59e39a8a0164bf7ac0bec1fad91eafbb66779c8b7be4b5f5961ce5a1c5	rule0028_120
pkr0000002		(1) METHYL_DONOR_CoF[c0] + (1) cpd00911[c0] => (1) METHYL_ACCEPTOR_CoF[c0] + (1) pkc0000125[c0]	(1) O=C1OC(COP(=O)(O)O)C(O)C(O)C1O + (1) C[S+](CCC(N)C(=O)O)CC1OC(n2cnc3c(N)ncnc32)C(O)C1O => (1) COP(=O)(O)OCC1OC(=O)C(O)C(O)C1O + (1) Nc1ncnc2c1ncn2C1OC(CSCCC(N)C(=O)O)C(O)C1O	R00fa29c11b650b1f6b918aed36477201c11325bd52ca94b68a4cec766ff38266	rule0011_7
pkr0000003		(1) cpd00236[c0] + (1) NAD_CoF[c0] => (1) pkc0000199[c0] + (1) NADH_CoF[c0]	(1) O=CC(O)C(O)COP(=O)(O)O + (1) NC(=O)c1ccc[n+](C2OC(COP(=O)(O)OP(=O)(O)OCC3OC(n4cnc5c(N)ncnc54)C(OP(=O)(O)O)C3O)C(O)C2O)c1 => (1) O=CC1(O)OC1COP(=O)(O)O + (1) NC(=O)C1=CN(C2OC(COP(=O)(O)OP(=O)(O)OCC3OC(n4cnc5c(N)ncnc54)C(OP(=O)(O)O)C3O)C(O)C2O)C=CC1	R010765b7bdcb0869406db5d2abe246fc40de11202201b5a452a59adc48b51902	rule0107
pkr0000004		(1) cpd00911[c0] + (1) WATER[c0] => (1) pkc0000026[c0] + (1) pkc0000191[c0]	(1) O=C1OC(COP(=O)(O)O)C(O)C(O)C1O + (1) O => (1) O=C1OCC(O)C(O)C1O + (1) O=P(O)(O)OCO	R0383841d05ec28112ab913abd24e2afe61e4f9dba73a97d15e9826eca3220246	rule0085_5
pkr0000005		(1) cpd03091[c0] => (1) pkc0000206[c0]	(1) CC1OC(n2cnc3c(N)ncnc32)C(O)C1O => (1) Nc1ncnc2c1ncn2C(CO)OC1CC1O	R05204fe2da091e518b5b7e26c3907f9020e01aac53ac85ed993ac89a4f38f98e	rule0028_120
pkr0000006		(1) METHYL_DONOR_CoF[c0] + (1) cpd00911[c0] => (1) METHYL_ACCEPTOR_CoF[c0] + (1) pkc0000197[c0]	(1) O=C1OC(COP(=O)(O)O)C(O)C(O)C1O + (1) C[S+](CCC(N)C(=O)O)CC1OC(n2cnc3c(N)ncnc32)C(O)C1O => (1) COC1C(O)C(=O)OC(COP(=O)(O)O)C1O + (1) Nc1ncnc2c1ncn2C1OC(CSCCC(N)C(=O)O)C(O)C1O	R05c5bb9a4f0fb9e229a63f7eff7264d3579dd8ad30531fa2f9f4376548072f10	rule0011_6
pkr0000007		(1) cpd00911[c0] => (1) pkc0000143[c0]	(1) O=C1OC(COP(=O)(O)O)C(O)C(O)C1O => (1) O=C(OCCOP(=O)(O)O)C1(O)C(O)C1O	R0651ef92c6fb9358ea744df1af40db4a0151e2e2baf8d225d68cb8ca7727da3d	rule0028_120
pkr0000008		(1) cpd03091[c0] => (1) pkc0000018[c0]	(1) CC1OC(n2cnc3c(N)ncnc32)C(O)C1O => (1) Cc1nc(N)c2ncn(C3OCC(O)C3O)c2n1	R06f36cd538bda6a595ba2a899c2c97ea00fdc2329d1ca716e8f181db6ef55486	rule0028_120
pkr0000009		(1) cpd03091[c0] + (1) NAD_CoF[c0] => (1) pkc0000084[c0] + (1) NADH_CoF[c0]	(1) CC1OC(n2cnc3c(N)ncnc32)C(O)C1O + (1) NC(=O)c1ccc[n+](C2OC(COP(=O)(O)OP(=O)(O)OCC3OC(n4cnc5c(N)ncnc54)C(OP(=O)(O)O)C3O)C(O)C2O)c1 => (1) CC1OC2(n3cnc4c(N)ncnc43)OC1C2O + (1) NC(=O)C1=CN(C2OC(COP(=O)(O)OP(=O)(O)OCC3OC(n4cnc5c(N)ncnc54)C(OP(=O)(O)O)C3O)C(O)C2O)C=CC1	R080b065096d9ebf6d085dfa5481cf116d48cd13be22a26698709869d8ec2d117	rule0107
pkr0000010		(1) cpd03091[c0] => (1) pkc0000116[c0]	(1) CC1OC(n2cnc3c(N)ncnc32)C(O)C1O => (1) CC1OC(C(O)CO)n2cnc3c(N)nc1nc32	R08a18036328b36eb035bab096023ef960de79ab0df97b3db52575c1a69e30aa7	rule0028_120
pkr0000011		(1) cpd00911[c0] + (1) NAD_CoF[c0] => (1) NADH_CoF[c0] + (1) pkc0000037[c0]	(1) O=C1OC(COP(=O)(O)O)C(O)C(O)C1O + (1) NC(=O)c1ccc[n+](C2OC(COP(=O)(O)OP(=O)(O)OCC3OC(n4cnc5c(N)ncnc54)C(OP(=O)(O)O)C3O)C(O)C2O)c1 => (1) O=C1OC(COP(=O)(O)O)C(O)C(=O)C1O + (1) NC(=O)C1=CN(C2OC(COP(=O)(O)OP(=O)(O)OCC3OC(n4cnc5c(N)ncnc54)C(OP(=O)(O)O)C3O)C(O)C2O)C=CC1	R09156c7bb0bc13d583d8c2e869287c83429397b2451897a17559801f9a400c00	rule0002_48
pkr0000012		(1) targetsingle[c0] + (1) NAD_CoF[c0] => (1) pkc0000167[c0] + (1) NADH_CoF[c0]	(1) C=C(O)COCC(C)O + (1) NC(=O)c1ccc[n+](C2OC(COP(=O)(O)OP(=O)(O)OCC3OC(n4cnc5c(N)ncnc54)C(OP(=O)(O)O)C3O)C(O)C2O)c1 => (1) C=C(O)COC1OC1C + (1) NC(=O)C1=CN(C2OC(COP(=O)(O)OP(=O)(O)OCC3OC(n4cnc5c(N)ncnc54)C(OP(=O)(O)O)C3O)C(O)C2O)C=CC1	R0940f09e05d4de694d5745c7431151a64d38d48286d1c4b7e73ca9aa5bf4d758	rule0107
pkr0000013		(1) cpd00037[c0] => (1) pkc0000157[c0]	(1) O=C(O)CCCCCC(=O)O => (1) CC(CCC(=O)O)CC(=O)O	R0c8eb7b7823fd62a83adc2aacf2f03ca64135a4c7869279e56b3d552a8501a5f	rule0028_120
pkr0000014		(1) targetsingle[c0] => (1) pkc0000017[c0]	(1) C=C(O)COCC(C)O => (1) CC(O)COCC=CO	R0ccab37fc963cce714e1dcb59bdf4bb673721c61e38c722bf50147561ca0bc47	rule0028_120
pkr0000015		(1) cpd00037[c0] + (1) NAD_CoF[c0] => (1) pkc0000020[c0] + (1) NADH_CoF[c0]	(1) O=C(O)CCCCCC(=O)O + (1) NC(=O)c1ccc[n+](C2OC(COP(=O)(O)OP(=O)(O)OCC3OC(n4cnc5c(N)ncnc54)C(OP(=O)(O)O)C3O)C(O)C2O)c1 => (1) O=C(O)CC1CCCC(=O)O1 + (1) NC(=O)C1=CN(C2OC(COP(=O)(O)OP(=O)(O)OCC3OC(n4cnc5c(N)ncnc54)C(OP(=O)(O)O)C3O)C(O)C2O)C=CC1	R0da7e61d94bdb79e208600a886e142676a77724fbd9a9403ebd57a4c4173405e	rule0107
pkr0000016		(1) cpd00037[c0] + (1) WATER[c0] => (1) pkc0000029[c0] + (1) pkc0000227[c0]	(1) O=C(O)CCCCCC(=O)O + (1) O => (1) CCCCC(=O)O + (1) O=C(O)CO	R0f3260d4b2c665caf37f01923e2b3282450a354e4f19e0e71ccb40a9d2fa77c9	rule0085_5
pkr0000017		(1) cpd03091[c0] + (1) NAD_CoF[c0] => (1) pkc0000162[c0] + (1) NADH_CoF[c0]	(1) CC1OC(n2cnc3c(N)ncnc32)C(O)C1O + (1) NC(=O)c1ccc[n+](C2OC(COP(=O)(O)OP(=O)(O)OCC3OC(n4cnc5c(N)ncnc54)C(OP(=O)(O)O)C3O)C(O)C2O)c1 => (1) CC1OC(n2cnc3c(N)ncnc32)C2OC12O + (1) NC(=O)C1=CN(C2OC(COP(=O)(O)OP(=O)(O)OCC3OC(n4cnc5c(N)ncnc54)C(OP(=O)(O)O)C3O)C(O)C2O)C=CC1	R11d8de77f3b1a85ecfe59d6f63a2080d326860e3213dfb6bb4a6a89fb69bb965	rule0107
pkr0000018		(1) cpd00037[c0] => (1) pkc0000202[c0]	(1) O=C(O)CCCCCC(=O)O => (1) CCCC(CC(=O)O)C(=O)O	R12db711c425db5de5a91f6b60c31a7c2ec33022d9a36ff8a20e0c28a4edc7791	rule0028_120
pkr0000019		(1) cpd03091[c0] => (1) pkc0000225[c0]	(1) CC1OC(n2cnc3c(N)ncnc32)C(O)C1O => (1) CC1OC(CO)(n2cnc3c(N)ncnc32)C1O	R12f21c4cb23bca8688d233be772bcd95d566f364cab4322bf389f5c96881efb4	rule0028_120
pkr0000020		(1) targetsingle[c0] + (1) WATER[c0] => (1) pkc0000205[c0]	(1) C=C(O)COCC(C)O + (1) O => (1) CC(O)COCC(C)(O)O	R16d32b5890b3684868e3a397b9a608cf13a2c83f97dec35aadbfce053c052295	rule0020_5
pkr0000021		(1) cpd00911[c0] + (1) NAD_CoF[c0] => (1) NADH_CoF[c0] + (1) pkc0000015[c0]	(1) O=C1OC(COP(=O)(O)O)C(O)C(O)C1O + (1) NC(=O)c1ccc[n+](C2OC(COP(=O)(O)OP(=O)(O)OCC3OC(n4cnc5c(N)ncnc54)C(OP(=O)(O)O)C3O)C(O)C2O)c1 => (1) O=C1OC(COP(=O)(O)O)C(=O)C(O)C1O + (1) NC(=O)C1=CN(C2OC(COP(=O)(O)OP(=O)(O)OCC3OC(n4cnc5c(N)ncnc54)C(OP(=O)(O)O)C3O)C(O)C2O)C=CC1	R173ed96f7434ee7322732a12e7113fb929de19b9e7f43184d2aba338f2adddb2	rule0002_48
pkr0000022		(1) cpd03091[c0] => (1) pkc0000142[c0]	(1) CC1OC(n2cnc3c(N)ncnc32)C(O)C1O => (1) CC(CO)OC1C(O)c2nc3c(N)ncnc3n21	R18090840700e854b05c5026950c73105843fdaa86c7a0729366f81d1254c1d88	rule0028_120
pkr0000023		(1) cpd00102[c0] + (1) NAD_CoF[c0] => (1) NADH_CoF[c0] + (1) pkc0000171[c0]	(1) O=CC(O)COP(=O)(O)O + (1) NC(=O)c1ccc[n+](C2OC(COP(=O)(O)OP(=O)(O)OCC3OC(n4cnc5c(N)ncnc54)C(OP(=O)(O)O)C3O)C(O)C2O)c1 => (1) O=CC(O)=COP(=O)(O)O + (1) NC(=O)C1=CN(C2OC(COP(=O)(O)OP(=O)(O)OCC3OC(n4cnc5c(N)ncnc54)C(OP(=O)(O)O)C3O)C(O)C2O)C=CC1	R1b81a95cd437e54c8433f192163b6a5dcb72c50592e0e3b1646372eb2ba8a38b	rule0018_6
pkr0000024		(1) cpd03091[c0] + (1) NAD_CoF[c0] => (1) pkc0000056[c0] + (1) NADH_CoF[c0]	(1) CC1OC(n2cnc3c(N)ncnc32)C(O)C1O + (1) NC(=O)c1ccc[n+](C2OC(COP(=O)(O)OP(=O)(O)OCC3OC(n4cnc5c(N)ncnc54)C(OP(=O)(O)O)C3O)C(O)C2O)c1 => (1) CC1OC2C(O)C1Oc1nc3c(N)ncnc3n12 + (1) NC(=O)C1=CN(C2OC(COP(=O)(O)OP(=O)(O)OCC3OC(n4cnc5c(N)ncnc54)C(OP(=O)(O)O)C3O)C(O)C2O)C=CC1	R1b8b2847079a5b2408810b036f61f755094416dcfc23bef77aeeea58784a783f	rule0107
pkr0000025		(1) targetsingle[c0] + (1) NAD_CoF[c0] => (1) pkc0000071[c0] + (1) NADH_CoF[c0]	(1) C=C(O)COCC(C)O + (1) NC(=O)c1ccc[n+](C2OC(COP(=O)(O)OP(=O)(O)OCC3OC(n4cnc5c(N)ncnc54)C(OP(=O)(O)O)C3O)C(O)C2O)c1 => (1) C=C1COC(C(C)O)O1 + (1) NC(=O)C1=CN(C2OC(COP(=O)(O)OP(=O)(O)OCC3OC(n4cnc5c(N)ncnc54)C(OP(=O)(O)O)C3O)C(O)C2O)C=CC1	R1c6db95ff90f7c631cedc804af9915f58acd7e9c7ad229d03794e4d0d1b87987	rule0107
pkr0000026		(1) targetsingle[c0] + (1) NAD_CoF[c0] => (1) pkc0000181[c0] + (1) NADH_CoF[c0]	(1) C=C(O)COCC(C)O + (1) NC(=O)c1ccc[n+](C2OC(COP(=O)(O)OP(=O)(O)OCC3OC(n4cnc5c(N)ncnc54)C(OP(=O)(O)O)C3O)C(O)C2O)c1 => (1) C=C1COCC(C)(O)O1 + (1) NC(=O)C1=CN(C2OC(COP(=O)(O)OP(=O)(O)OCC3OC(n4cnc5c(N)ncnc54)C(OP(=O)(O)O)C3O)C(O)C2O)C=CC1	R1cd9260fb185e970747f8c8be9c03a6f63037bc14ea989840c165d6d0a1e377a	rule0107
pkr0000027		(1) cpd03091[c0] => (1) pkc0000182[c0]	(1) CC1OC(n2cnc3c(N)ncnc32)C(O)C1O => (1) Cc1nc2c(N)ncnc2n1C1OCC(O)C1O	R1d1ef7558433d45cb8a1f857f0aadb4eeae3dd73ca2a4803271624442397b0b2	rule0028_120
pkr0000028		(1) cpd00236[c0] + (1) NAD_CoF[c0] => (1) NADH_CoF[c0] + (1) pkc0000045[c0]	(1) O=CC(O)C(O)COP(=O)(O)O + (1) NC(=O)c1ccc[n+](C2OC(COP(=O)(O)OP(=O)(O)OCC3OC(n4cnc5c(N)ncnc54)C(OP(=O)(O)O)C3O)C(O)C2O)c1 => (1) O=CC(O)=C(O)COP(=O)(O)O + (1) NC(=O)C1=CN(C2OC(COP(=O)(O)OP(=O)(O)OCC3OC(n4cnc5c(N)ncnc54)C(OP(=O)(O)O)C3O)C(O)C2O)C=CC1	R1d3e6924fe6b3fba82942d8f00f2e9be0ac6a9f208e401b085dc1fc55e57d1f9	rule0018_6
pkr0000029		(1) METHYL_DONOR_CoF[c0] + (1) targetsingle[c0] => (1) METHYL_ACCEPTOR_CoF[c0] + (1) pkc0000195[c0]	(1) C=C(O)COCC(C)O + (1) C[S+](CCC(N)C(=O)O)CC1OC(n2cnc3c(N)ncnc32)C(O)C1O => (1) C=C(O)COCC(C)OC + (1) Nc1ncnc2c1ncn2C1OC(CSCCC(N)C(=O)O)C(O)C1O	R1e245a6784c747e6f8290647a28a358905e460f9cec57fa0e383068f61570c0d	rule0011_7
pkr0000030		(1) METHYL_DONOR_CoF[c0] + (1) cpd00911[c0] => (1) METHYL_ACCEPTOR_CoF[c0] + (1) pkc0000223[c0]	(1) O=C1OC(COP(=O)(O)O)C(O)C(O)C1O + (1) C[S+](CCC(N)C(=O)O)CC1OC(n2cnc3c(N)ncnc32)C(O)C1O => (1) COC1C(=O)OC(COP(=O)(O)O)C(O)C1O + (1) Nc1ncnc2c1ncn2C1OC(CSCCC(N)C(=O)O)C(O)C1O	R1f39acf80ec6b3153fcbb463498fab4f11d79064440d6cb02e0682fe9b2bcee1	rule0011_6
pkr0000031		(1) cpd03091[c0] + (1) WATER[c0] => (1) pkc0000077[c0] + (1) pkc0000216[c0]	(1) CC1OC(n2cnc3c(N)ncnc32)C(O)C1O + (1) O => (1) Nc1ncnc2c1ncn2C1OCC(O)C1O + (1) CO	R20431203490e6007ab2829f2c60383b2700e0f03232383fa07fc56974cae9b27	rule0085_5
pkr0000032		(1) cpd00911[c0] => (1) pkc0000140[c0]	(1) O=C1OC(COP(=O)(O)O)C(O)C(O)C1O => (1) O=C1OC(COP(=O)(O)O)C(O)C1(O)CO	R21a81cd73a8928811a699147e97ea6a071e502c22c4830f47971eaf550fe4d60	rule0028_120
pkr0000033		(1) NADH_CoF[c0] + (1) cpd00102[c0] => (1) pkc0000138[c0] + (1) NAD_CoF[c0]	(1) O=CC(O)COP(=O)(O)O + (1) NC(=O)C1=CN(C2OC(COP(=O)(O)OP(=O)(O)OCC3OC(n4cnc5c(N)ncnc54)C(OP(=O)(O)O)C3O)C(O)C2O)C=CC1 => (1) O=P(O)(O)OCC(O)CO + (1) NC(=O)c1ccc[n+](C2OC(COP(=O)(O)OP(=O)(O)OCC3OC(n4cnc5c(N)ncnc54)C(OP(=O)(O)O)C3O)C(O)C2O)c1	R2257287d4389df3df8eb431093e179d67416e66ac2695f61efe6dae85875ce2d	rule0003_14
pkr0000034		(1) cpd02211[c0] + (1) WATER[c0] => (1) pkc0000179[c0] + (1) CO3[c0]	(1) CC(=O)C(N)C(=O)O + (1) O => (1) CC(=O)CN + (1) O=C(O)O	R2352f3839cd64e2df267860049e244cd4b8cf1e7a51c0dfae1d8d110ed374542	rule0085_5
pkr0000035		(1) cpd03091[c0] => (1) pkc0000189[c0]	(1) CC1OC(n2cnc3c(N)ncnc32)C(O)C1O => (1) Nc1ncnc2c1ncn2C1OCCC(O)C1O	R2441fbc352dc9dbddb35491e009358b485c63fd94c3c6f871b4b9b4f19324610	rule0028_120
pkr0000036		(1) cpd00037[c0] + (1) NAD_CoF[c0] => (1) pkc0000221[c0] + (1) NADH_CoF[c0]	(1) O=C(O)CCCCCC(=O)O + (1) NC(=O)c1ccc[n+](C2OC(COP(=O)(O)OP(=O)(O)OCC3OC(n4cnc5c(N)ncnc54)C(OP(=O)(O)O)C3O)C(O)C2O)c1 => (1) O=C(O)CCCC1CC(=O)O1 + (1) NC(=O)C1=CN(C2OC(COP(=O)(O)OP(=O)(O)OCC3OC(n4cnc5c(N)ncnc54)C(OP(=O)(O)O)C3O)C(O)C2O)C=CC1	R253169f87d63840055a9cd2aceb8811d5764e1d9a0a97d2908bd32568cb763ea	rule0107
pkr0000037		(1) cpd03091[c0] => (1) pkc0000108[c0]	(1) CC1OC(n2cnc3c(N)ncnc32)C(O)C1O => (1) CC1OCn2cnc3c(N)nc(nc32)C(O)C1O	R25738c09fca371664ea5f321f753c27d0b71c82da8e81cc3fa82b2e03d75d9ea	rule0028_120
pkr0000038		(1) cpd03091[c0] + (1) NAD_CoF[c0] => (1) pkc0000217[c0] + (1) NADH_CoF[c0]	(1) CC1OC(n2cnc3c(N)ncnc32)C(O)C1O + (1) NC(=O)c1ccc[n+](C2OC(COP(=O)(O)OP(=O)(O)OCC3OC(n4cnc5c(N)ncnc54)C(OP(=O)(O)O)C3O)C(O)C2O)c1 => (1) CC12OC(n3cnc4c(N)ncnc43)C(O)C1O2 + (1) NC(=O)C1=CN(C2OC(COP(=O)(O)OP(=O)(O)OCC3OC(n4cnc5c(N)ncnc54)C(OP(=O)(O)O)C3O)C(O)C2O)C=CC1	R259e7b866d15c1165391ca44d13a357a5f885df070f14230acc5edb60f034ad6	rule0107
pkr0000039		(1) cpd00037[c0] + (1) WATER[c0] => (1) pkc0000016[c0] + (1) pkc0000042[c0]	(1) O=C(O)CCCCCC(=O)O + (1) O => (1) O=CO + (1) O=C(O)CCCCCO	R272f49f9290d711e27e051f792eed4a55f6c2a68aba523e87ba9236663380103	rule0085_5
pkr0000040		(1) cpd02211[c0] + (1) NAD_CoF[c0] => (1) pkc0000194[c0] + (1) NADH_CoF[c0]	(1) CC(=O)C(N)C(=O)O + (1) NC(=O)c1ccc[n+](C2OC(COP(=O)(O)OP(=O)(O)OCC3OC(n4cnc5c(N)ncnc54)C(OP(=O)(O)O)C3O)C(O)C2O)c1 => (1) NC1C(=O)COC1=O + (1) NC(=O)C1=CN(C2OC(COP(=O)(O)OP(=O)(O)OCC3OC(n4cnc5c(N)ncnc54)C(OP(=O)(O)O)C3O)C(O)C2O)C=CC1	R293a58842f7a47f3d8931a407adcca40b42f8afcedb9d52d639e776b260fcce0	rule0107
pkr0000041		(1) cpd03091[c0] + (1) NAD_CoF[c0] => (1) pkc0000198[c0] + (1) NADH_CoF[c0]	(1) CC1OC(n2cnc3c(N)ncnc32)C(O)C1O + (1) NC(=O)c1ccc[n+](C2OC(COP(=O)(O)OP(=O)(O)OCC3OC(n4cnc5c(N)ncnc54)C(OP(=O)(O)O)C3O)C(O)C2O)c1 => (1) CC12OC(C(n3cnc4c(N)ncnc43)O1)C2O + (1) NC(=O)C1=CN(C2OC(COP(=O)(O)OP(=O)(O)OCC3OC(n4cnc5c(N)ncnc54)C(OP(=O)(O)O)C3O)C(O)C2O)C=CC1	R29494b2a76a957531300b0bff452a88fbbdb5ba9ff179b30d1258a25bd96fcd5	rule0107
pkr0000042		(1) cpd00037[c0] + (1) NAD_CoF[c0] => (1) pkc0000149[c0] + (1) NADH_CoF[c0]	(1) O=C(O)CCCCCC(=O)O + (1) NC(=O)c1ccc[n+](C2OC(COP(=O)(O)OP(=O)(O)OCC3OC(n4cnc5c(N)ncnc54)C(OP(=O)(O)O)C3O)C(O)C2O)c1 => (1) O=C1CCCCC(C(=O)O)O1 + (1) NC(=O)C1=CN(C2OC(COP(=O)(O)OP(=O)(O)OCC3OC(n4cnc5c(N)ncnc54)C(OP(=O)(O)O)C3O)C(O)C2O)C=CC1	R2ac4ce2fc2c2ee5e100ae040a67c0d753845ed6333a449742a406d4d90a067b6	rule0107
pkr0000043		(1) cpd00911[c0] + (1) NAD_CoF[c0] => (1) pkc0000096[c0] + (1) NADH_CoF[c0]	(1) O=C1OC(COP(=O)(O)O)C(O)C(O)C1O + (1) NC(=O)c1ccc[n+](C2OC(COP(=O)(O)OP(=O)(O)OCC3OC(n4cnc5c(N)ncnc54)C(OP(=O)(O)O)C3O)C(O)C2O)c1 => (1) O=C1OC2(COP(=O)(O)O2)C(O)C(O)C1O + (1) NC(=O)C1=CN(C2OC(COP(=O)(O)OP(=O)(O)OCC3OC(n4cnc5c(N)ncnc54)C(OP(=O)(O)O)C3O)C(O)C2O)C=CC1	R2b3eb9d39e56a09c3542bf7502b9800715efe503c61b62988c1be3ac6d95749f	rule0107
pkr0000044		(1) cpd00236[c0] + (1) NAD_CoF[c0] => (1) pkc0000072[c0] + (1) NADH_CoF[c0]	(1) O=CC(O)C(O)COP(=O)(O)O + (1) NC(=O)c1ccc[n+](C2OC(COP(=O)(O)OP(=O)(O)OCC3OC(n4cnc5c(N)ncnc54)C(OP(=O)(O)O)C3O)C(O)C2O)c1 => (1) O=CC1OC(OP(=O)(O)O)C1O + (1) NC(=O)C1=CN(C2OC(COP(=O)(O)OP(=O)(O)OCC3OC(n4cnc5c(N)ncnc54)C(OP(=O)(O)O)C3O)C(O)C2O)C=CC1	R2e4a285a269d7c109f14f89af4d32c8e464ba41b5ce46ad45e7b236867bfe19f	rule0107
pkr0000045		(1) cpd00036[c0] + (1) WATER[c0] => (1) pkc0000088[c0] + (1) pkc0000227[c0]	(1) O=C(O)CCC(=O)O + (1) O => (1) CC(=O)O + (1) O=C(O)CO	R2edee436eeb1ca6f6fae7a913c180e323ad8472be3a4da136a298e098a94a37b	rule0085_5
pkr0000046		(1) targetsingle[c0] => (1) pkc0000133[c0]	(1) C=C(O)COCC(C)O => (1) C=C(O)COC(C)CO	R2fe7e832301e09e87ff7cfd1751ce4a7e8be0c699a1472a7c1f77b663117a2b7	rule0028_120
pkr0000047		(1) cpd00236[c0] + (1) NAD_CoF[c0] => (1) pkc0000090[c0] + (1) NADH_CoF[c0]	(1) O=CC(O)C(O)COP(=O)(O)O + (1) NC(=O)c1ccc[n+](C2OC(COP(=O)(O)OP(=O)(O)OCC3OC(n4cnc5c(N)ncnc54)C(OP(=O)(O)O)C3O)C(O)C2O)c1 => (1) O=CC1OC1(O)COP(=O)(O)O + (1) NC(=O)C1=CN(C2OC(COP(=O)(O)OP(=O)(O)OCC3OC(n4cnc5c(N)ncnc54)C(OP(=O)(O)O)C3O)C(O)C2O)C=CC1	R32c4f3b48f28ca27a69d86672f7cbcb9bae39225db9862164eb0278f5005ee99	rule0107
pkr0000048		(1) targetsingle[c0] + (1) WATER[c0] => (1) pkc0000055[c0] + (1) pkc0000139[c0]	(1) C=C(O)COCC(C)O + (1) O => (1) C + (1) C=C(O)COCC(O)O	R32da11ee21afc83c06c9adbb53ed492c229fc8977b11aad292facfbfad4d4ba9	rule0085_5
pkr0000049		(1) cpd00911[c0] + (1) NAD_CoF[c0] => (1) pkc0000122[c0] + (1) NADH_CoF[c0]	(1) O=C1OC(COP(=O)(O)O)C(O)C(O)C1O + (1) NC(=O)c1ccc[n+](C2OC(COP(=O)(O)OP(=O)(O)OCC3OC(n4cnc5c(N)ncnc54)C(OP(=O)(O)O)C3O)C(O)C2O)c1 => (1) O=C1OC(COP(=O)(O)O)C2(O)OC1C2O + (1) NC(=O)C1=CN(C2OC(COP(=O)(O)OP(=O)(O)OCC3OC(n4cnc5c(N)ncnc54)C(OP(=O)(O)O)C3O)C(O)C2O)C=CC1	R347ab08f61b38fdf61400026fa84fb195d811986fe63042badcd02b6d159b1e3	rule0107
pkr0000050		(1) cpd02211[c0] + (1) WATER[c0] => (1) pkc0000219[c0] + (1) pkc0000216[c0]	(1) CC(=O)C(N)C(=O)O + (1) O => (1) CO + (1) NC(C=O)C(=O)O	R34a113aa3554f05ae8e07a904c1c22a0ab40b3c24c293029ca761abaf0432acf	rule0085_5
pkr0000051		(1) cpd02211[c0] => (1) pkc0000208[c0]	(1) CC(=O)C(N)C(=O)O => (1) NCC(=O)CC(=O)O	R35623920358c71524a9ea64fe95f5f29ab37efd9fb7ca22e5ee3b09573f87c83	rule0028_120
pkr0000052		(1) cpd00911[c0] => (1) pkc0000132[c0]	(1) O=C1OC(COP(=O)(O)O)C(O)C(O)C1O => (1) O=C1OC(CO)C(OP(=O)(O)O)C(O)C1O	R374993ded74bedd81dab14d764bbb841ec415182d0b5718dece9019ff496fc4e	rule0028_120
pkr0000053		(1) METHYL_DONOR_CoF[c0] + (1) targetsingle[c0] => (1) METHYL_ACCEPTOR_CoF[c0] + (1) pkc0000113[c0]	(1) C=C(O)COCC(C)O + (1) C[S+](CCC(N)C(=O)O)CC1OC(n2cnc3c(N)ncnc32)C(O)C1O => (1) C=C(COCC(C)O)OC + (1) Nc1ncnc2c1ncn2C1OC(CSCCC(N)C(=O)O)C(O)C1O	R3857967b07795c7962ffcbaab18311756dd44d49a4bea880ec4126728399e83b	rule0011_7
pkr0000054		(1) cpd00911[c0] => (1) pkc0000203[c0]	(1) O=C1OC(COP(=O)(O)O)C(O)C(O)C1O => (1) O=C1OCC(OP(=O)(O)O)C(O)C(O)C1O	R3bdcf83187793191d75b57192679554f3158e0c09f4d967c73588aa4e723e483	rule0028_120
pkr0000055		(1) METHYL_DONOR_CoF[c0] + (1) cpd00102[c0] => (1) METHYL_ACCEPTOR_CoF[c0] + (1) pkc0000193[c0]	(1) O=CC(O)COP(=O)(O)O + (1) C[S+](CCC(N)C(=O)O)CC1OC(n2cnc3c(N)ncnc32)C(O)C1O => (1) COC(C=O)COP(=O)(O)O + (1) Nc1ncnc2c1ncn2C1OC(CSCCC(N)C(=O)O)C(O)C1O	R3d8d49ec9e3632381849ddccaf81670113cc7116abfe37fa662bf306867c5932	rule0011_7
pkr0000056		(1) cpd02211[c0] + (1) WATER[c0] => (1) pkc0000019[c0] + (1) pkc0000188[c0]	(1) CC(=O)C(N)C(=O)O + (1) O => (1) CC=O + (1) NC(O)C(=O)O	R3eb5dd990cd847745ac3232d567e04e6f784129aff6b9652575df689c8353141	rule0085_5
pkr0000057		(1) cpd00102[c0] + (1) WATER[c0] => (1) pkc0000013[c0] + (1) pkc0000204[c0]	(1) O=CC(O)COP(=O)(O)O + (1) O => (1) COP(=O)(O)O + (1) O=CC(O)O	R3efea07218cda54914462f83939d81b6465d77cfb9a6c37d6f5fff4b53143fdf	rule0085_5
pkr0000058		(1) cpd00911[c0] + (1) NAD_CoF[c0] => (1) NADH_CoF[c0] + (1) pkc0000151[c0]	(1) O=C1OC(COP(=O)(O)O)C(O)C(O)C1O + (1) NC(=O)c1ccc[n+](C2OC(COP(=O)(O)OP(=O)(O)OCC3OC(n4cnc5c(N)ncnc54)C(OP(=O)(O)O)C3O)C(O)C2O)c1 => (1) O=C1OC(COP(=O)(O)O)C(O)=C(O)C1O + (1) NC(=O)C1=CN(C2OC(COP(=O)(O)OP(=O)(O)OCC3OC(n4cnc5c(N)ncnc54)C(OP(=O)(O)O)C3O)C(O)C2O)C=CC1	R413b5e07a8c2c16d9f9ad4de0fb097d3a7e14cfa8db785e395c1ec3e5eed0738	rule0018_8
pkr0000059		(1) cpd03091[c0] + (1) NAD_CoF[c0] => (1) pkc0000184[c0] + (1) NADH_CoF[c0]	(1) CC1OC(n2cnc3c(N)ncnc32)C(O)C1O + (1) NC(=O)c1ccc[n+](C2OC(COP(=O)(O)OP(=O)(O)OCC3OC(n4cnc5c(N)ncnc54)C(OP(=O)(O)O)C3O)C(O)C2O)c1 => (1) CC1OC2C(Oc3nc(N)c4ncn2c4n3)C1O + (1) NC(=O)C1=CN(C2OC(COP(=O)(O)OP(=O)(O)OCC3OC(n4cnc5c(N)ncnc54)C(OP(=O)(O)O)C3O)C(O)C2O)C=CC1	R41f5d8d697ac942abddcdbb9e70161fe600dfe50af4579bda26e987cc19e993e	rule0107
pkr0000060		(1) targetsingle[c0] + (1) WATER[c0] => (1) pkc0000229[c0] + (1) pkc0000155[c0]	(1) C=C(O)COCC(C)O + (1) O => (1) C=C(O)O + (1) COCC(C)O	R44fb4015bb48141081e27c3807be547fefd93ce93f3774c74f5f3934be72efc8	rule0085_5
pkr0000061		(1) cpd00037[c0] + (1) WATER[c0] => (1) pkc0000088[c0] + (1) pkc0000057[c0]	(1) O=C(O)CCCCCC(=O)O + (1) O => (1) O=C(O)CCCCO + (1) CC(=O)O	R46438dadf8804cb29ba82d1d1e9cf9d8fb8fdeb6767391da611dafefdb9ce9b2	rule0085_5
pkr0000062		(1) NADH_CoF[c0] + (1) cpd00203[c0] => (1) pkc0000027[c0] + (1) NAD_CoF[c0]	(1) O=C(OP(=O)(O)O)C(O)COP(=O)(O)O + (1) NC(=O)C1=CN(C2OC(COP(=O)(O)OP(=O)(O)OCC3OC(n4cnc5c(N)ncnc54)C(OP(=O)(O)O)C3O)C(O)C2O)C=CC1 => (1) O=P(O)(O)OCC(O)C(O)OP(=O)(O)O + (1) NC(=O)c1ccc[n+](C2OC(COP(=O)(O)OP(=O)(O)OCC3OC(n4cnc5c(N)ncnc54)C(OP(=O)(O)O)C3O)C(O)C2O)c1	R47ac27dd305f90391d330251d61f103b7c013a2229afc4f690dfc6d0f469eb93	rule0003_14
pkr0000063		(1) METHYL_DONOR_CoF[c0] + (1) cpd00102[c0] => (1) METHYL_ACCEPTOR_CoF[c0] + (1) pkc0000119[c0]	(1) O=CC(O)COP(=O)(O)O + (1) C[S+](CCC(N)C(=O)O)CC1OC(n2cnc3c(N)ncnc32)C(O)C1O => (1) COP(=O)(O)OCC(O)C=O + (1) Nc1ncnc2c1ncn2C1OC(CSCCC(N)C(=O)O)C(O)C1O	R47ac9a01cb6e72d589a6e2871cbaec598295c5ec3c82e343292802ebc21c3f52	rule0011_7
pkr0000064		(1) cpd00236[c0] + (1) NAD_CoF[c0] => (1) pkc0000172[c0] + (1) NADH_CoF[c0]	(1) O=CC(O)C(O)COP(=O)(O)O + (1) NC(=O)c1ccc[n+](C2OC(COP(=O)(O)OP(=O)(O)OCC3OC(n4cnc5c(N)ncnc54)C(OP(=O)(O)O)C3O)C(O)C2O)c1 => (1) O=C1OC1C(O)COP(=O)(O)O + (1) NC(=O)C1=CN(C2OC(COP(=O)(O)OP(=O)(O)OCC3OC(n4cnc5c(N)ncnc54)C(OP(=O)(O)O)C3O)C(O)C2O)C=CC1	R499965340608d48b3aee7f070bd19aa7245ca6f882cc0fcf295500eb9f95bb69	rule0107
pkr0000065		(1) targetsingle[c0] + (1) WATER[c0] => (1) pkc0000102[c0] + (1) pkc0000024[c0]	(1) C=C(O)COCC(C)O + (1) O => (1) CC(O)O + (1) C=C(O)COC	R4f096f9535f6a4080e0b51ed4fddab5eb29c90e57e75dd9b2e5228f7ec5abeea	rule0085_5
pkr0000066		(1) cpd03091[c0] => (1) pkc0000136[c0]	(1) CC1OC(n2cnc3c(N)ncnc32)C(O)C1O => (1) Nc1ncnc2c1ncn2C1CC(C(O)CO)O1	R4f67bb185c30ce22d877cfe330b892c12f0fd77e53c6a6bcda4c463d5e213753	rule0028_120
pkr0000067		(2) cpd03091[c0] => (1) pkc0000085[c0] + (1) WATER[c0]	(2) CC1OC(n2cnc3c(N)ncnc32)C(O)C1O => (1) CC1OC(n2cnc3c(NC4C(O)C(C)OC4n4cnc5c(N)ncnc54)ncnc32)C(O)C1O + (1) O	R50dca0a740c0ac039dbc6eaf9e242d4a8532a800173081949f20f8f3eec8cfd4	rule0012_35
pkr0000068		(1) cpd00911[c0] + (1) NAD_CoF[c0] => (1) NADH_CoF[c0] + (1) pkc0000002[c0]	(1) O=C1OC(COP(=O)(O)O)C(O)C(O)C1O + (1) NC(=O)c1ccc[n+](C2OC(COP(=O)(O)OP(=O)(O)OCC3OC(n4cnc5c(N)ncnc54)C(OP(=O)(O)O)C3O)C(O)C2O)c1 => (1) O=C1OC(COP(=O)(O)O)C(O)C(O)=C1O + (1) NC(=O)C1=CN(C2OC(COP(=O)(O)OP(=O)(O)OCC3OC(n4cnc5c(N)ncnc54)C(OP(=O)(O)O)C3O)C(O)C2O)C=CC1	R55df556a4de764cf773601eb147ea257c55f8b055328a9fa55e805b1d1965c08	rule0018_8
pkr0000069		(1) cpd00102[c0] + (1) NAD_CoF[c0] => (1) pkc0000031[c0] + (1) NADH_CoF[c0]	(1) O=CC(O)COP(=O)(O)O + (1) NC(=O)c1ccc[n+](C2OC(COP(=O)(O)OP(=O)(O)OCC3OC(n4cnc5c(N)ncnc54)C(OP(=O)(O)O)C3O)C(O)C2O)c1 => (1) O=CC1(O)COP(=O)(O)O1 + (1) NC(=O)C1=CN(C2OC(COP(=O)(O)OP(=O)(O)OCC3OC(n4cnc5c(N)ncnc54)C(OP(=O)(O)O)C3O)C(O)C2O)C=CC1	R5600c2f5e073287e6726f927b15f8e470bb7aa88142b0ff09ac7ff7d6ccbd6af	rule0107
pkr0000070		(1) METHYL_DONOR_CoF[c0] + (1) cpd00236[c0] => (1) METHYL_ACCEPTOR_CoF[c0] + (1) pkc0000117[c0]	(1) O=CC(O)C(O)COP(=O)(O)O + (1) C[S+](CCC(N)C(=O)O)CC1OC(n2cnc3c(N)ncnc32)C(O)C1O => (1) COC(C=O)C(O)COP(=O)(O)O + (1) Nc1ncnc2c1ncn2C1OC(CSCCC(N)C(=O)O)C(O)C1O	R57d3d6084000d85795a7f9a4b27414d03aa887b55cf2ce1f419f96db2e88d65d	rule0011_7
pkr0000071		(1) cpd03091[c0] => (1) pkc0000087[c0]	(1) CC1OC(n2cnc3c(N)ncnc32)C(O)C1O => (1) CC(CO)OC1C(O)c2nc(N)c3ncn1c3n2	R59080712ada3a280de2d7505634657bd43988fdb9006a9f1ab72925a88785e00	rule0028_120
pkr0000072		(1) cpd03091[c0] => (1) pkc0000112[c0]	(1) CC1OC(n2cnc3c(N)ncnc32)C(O)C1O => (1) Nc1ncnc2c1ncn2C1OC(CO)CC1O	R59aa84bd91b5351a6b22b32034513d70f9e5cf96d92f3d566bb0c15cb3cb7940	rule0028_120
pkr0000073		(1) cpd00236[c0] + (1) NAD_CoF[c0] => (1) pkc0000099[c0] + (1) NADH_CoF[c0]	(1) O=CC(O)C(O)COP(=O)(O)O + (1) NC(=O)c1ccc[n+](C2OC(COP(=O)(O)OP(=O)(O)OCC3OC(n4cnc5c(N)ncnc54)C(OP(=O)(O)O)C3O)C(O)C2O)c1 => (1) O=CC(O)C1OC1OP(=O)(O)O + (1) NC(=O)C1=CN(C2OC(COP(=O)(O)OP(=O)(O)OCC3OC(n4cnc5c(N)ncnc54)C(OP(=O)(O)O)C3O)C(O)C2O)C=CC1	R59bb63ac98bf52d050c74bec4ff891211af4cb29a5c2bbb2648ad12d27fcd83e	rule0107
pkr0000074		(1) cpd00203[c0] + (1) WATER[c0] => (1) pkc0000158[c0] + (1) pkc0000191[c0]	(1) O=C(OP(=O)(O)O)C(O)COP(=O)(O)O + (1) O => (1) O=C(CO)OP(=O)(O)O + (1) O=P(O)(O)OCO	R5c14725dcd8c4a678f119bf92774fe93b9d7aa50b430467108fd4f8266ce9d7d	rule0085_5
pkr0000075		(1) cpd00102[c0] + (1) WATER[c0] => (1) pkc0000034[c0] + (1) pkc0000191[c0]	(1) O=CC(O)COP(=O)(O)O + (1) O => (1) O=CCO + (1) O=P(O)(O)OCO	R5da8ddd3d6c14e3cbfa85dfe58eda14711929fedac0c352ffdcb2d2aa365382a	rule0085_5
pkr0000076		(1) METHYL_DONOR_CoF[c0] + (1) cpd00203[c0] => (1) METHYL_ACCEPTOR_CoF[c0] + (1) pkc0000228[c0]	(1) O=C(OP(=O)(O)O)C(O)COP(=O)(O)O + (1) C[S+](CCC(N)C(=O)O)CC1OC(n2cnc3c(N)ncnc32)C(O)C1O => (1) COP(=O)(O)OC(=O)C(O)COP(=O)(O)O + (1) Nc1ncnc2c1ncn2C1OC(CSCCC(N)C(=O)O)C(O)C1O	R5e97fca9f325c88fe9704c86599331d5b9c57f52f49a822568ea7965e15c090e	rule0011_7
pkr0000077		(1) cpd00911[c0] + (1) NAD_CoF[c0] => (1) pkc0000083[c0] + (1) NADH_CoF[c0]	(1) O=C1OC(COP(=O)(O)O)C(O)C(O)C1O + (1) NC(=O)c1ccc[n+](C2OC(COP(=O)(O)OP(=O)(O)OCC3OC(n4cnc5c(N)ncnc54)C(OP(=O)(O)O)C3O)C(O)C2O)c1 => (1) O=C1OC2COP(=O)(O)OC1(O)C(O)C2O + (1) NC(=O)C1=CN(C2OC(COP(=O)(O)OP(=O)(O)OCC3OC(n4cnc5c(N)ncnc54)C(OP(=O)(O)O)C3O)C(O)C2O)C=CC1	R5f8287f041095415fb0ca5b5af6f9f126eb57a95792585a982d49df0ee3fda4b	rule0107
pkr0000078		(1) cpd00236[c0] + (1) WATER[c0] => (1) pkc0000104[c0] + (1) pkc0000040[c0]	(1) O=CC(O)C(O)COP(=O)(O)O + (1) O => (1) O=P(O)(O)OCC(O)C(O)O + (1) C=O	R603c1994ceca9a81a3c7b566b5d7237056ce9da72eb6e607a3b6f425a8aecf70	rule0085_5
pkr0000079		(1) METHYL_DONOR_CoF[c0] + (1) cpd00036[c0] => (1) METHYL_ACCEPTOR_CoF[c0] + (1) pkc0000128[c0]	(1) O=C(O)CCC(=O)O + (1) C[S+](CCC(N)C(=O)O)CC1OC(n2cnc3c(N)ncnc32)C(O)C1O => (1) COC(=O)CCC(=O)O + (1) Nc1ncnc2c1ncn2C1OC(CSCCC(N)C(=O)O)C(O)C1O	R607d72f23be490c14c3d10e656b9f2fcd63446963e803f9001e548ee793cf2a0	rule0011_7
pkr0000080		(1) cpd00911[c0] + (1) WATER[c0] => (1) pkc0000013[c0] + (1) pkc0000101[c0]	(1) O=C1OC(COP(=O)(O)O)C(O)C(O)C1O + (1) O => (1) COP(=O)(O)O + (1) O=C1OC(O)C(O)C(O)C1O	R60aa533dc8dc10f32ed194189b076577d99be715e402713f45886f214ed9629d	rule0085_5
pkr0000081		(1) cpd03091[c0] => (1) pkc0000156[c0]	(1) CC1OC(n2cnc3c(N)ncnc32)C(O)C1O => (1) CC1OC(n2cnc3c(N)ncnc32)C1(O)CO	R60e4f05236bfd6bfb9bb4f665cc5fee781044c0932a0d4dc415723c7a5e1dc27	rule0028_120
pkr0000082		(1) NADH_CoF[c0] + (1) cpd00236[c0] => (1) pkc0000196[c0] + (1) NAD_CoF[c0]	(1) O=CC(O)C(O)COP(=O)(O)O + (1) NC(=O)C1=CN(C2OC(COP(=O)(O)OP(=O)(O)OCC3OC(n4cnc5c(N)ncnc54)C(OP(=O)(O)O)C3O)C(O)C2O)C=CC1 => (1) O=P(O)(O)OCC(O)C(O)CO + (1) NC(=O)c1ccc[n+](C2OC(COP(=O)(O)OP(=O)(O)OCC3OC(n4cnc5c(N)ncnc54)C(OP(=O)(O)O)C3O)C(O)C2O)c1	R621013cc64b431b279715826201ce4d51e1f5485d657451c0a5e548590a86636	rule0003_14
pkr0000083		(1) cpd00037[c0] => (1) pkc0000035[c0]	(1) O=C(O)CCCCCC(=O)O => (1) CC(CCCC(=O)O)C(=O)O	R6259fcee4f4343f4074477479faa52b87b23de9fbbf9468f90e616886065f14c	rule0028_120
pkr0000084		(1) cpd00911[c0] + (1) NAD_CoF[c0] => (1) NADH_CoF[c0] + (1) pkc0000168[c0]	(1) O=C1OC(COP(=O)(O)O)C(O)C(O)C1O + (1) NC(=O)c1ccc[n+](C2OC(COP(=O)(O)OP(=O)(O)OCC3OC(n4cnc5c(N)ncnc54)C(OP(=O)(O)O)C3O)C(O)C2O)c1 => (1) O=C1OC(COP(=O)(O)O)C(O)C(O)C1=O + (1) NC(=O)C1=CN(C2OC(COP(=O)(O)OP(=O)(O)OCC3OC(n4cnc5c(N)ncnc54)C(OP(=O)(O)O)C3O)C(O)C2O)C=CC1	R62ecd5110519336dacced9a810d2e3e86ebc5eac80198056aafda5f2f63292d1	rule0002_48
pkr0000085		(1) cpd03091[c0] + (1) NAD_CoF[c0] => (1) NADH_CoF[c0] + (1) pkc0000073[c0]	(1) CC1OC(n2cnc3c(N)ncnc32)C(O)C1O + (1) NC(=O)c1ccc[n+](C2OC(COP(=O)(O)OP(=O)(O)OCC3OC(n4cnc5c(N)ncnc54)C(OP(=O)(O)O)C3O)C(O)C2O)c1 => (1) CC1OC(n2cnc3c(N)ncnc32)C(O)C1=O + (1) NC(=O)C1=CN(C2OC(COP(=O)(O)OP(=O)(O)OCC3OC(n4cnc5c(N)ncnc54)C(OP(=O)(O)O)C3O)C(O)C2O)C=CC1	R65f6dca535256c4a64194a26d892e0518662fe5f29510d7960ff79545d28b3a7	rule0002_48
pkr0000086		(1) cpd00203[c0] + (1) NAD_CoF[c0] => (1) pkc0000145[c0] + (1) NADH_CoF[c0]	(1) O=C(OP(=O)(O)O)C(O)COP(=O)(O)O + (1) NC(=O)c1ccc[n+](C2OC(COP(=O)(O)OP(=O)(O)OCC3OC(n4cnc5c(N)ncnc54)C(OP(=O)(O)O)C3O)C(O)C2O)c1 => (1) O=C1OP(=O)(O)OC1(O)COP(=O)(O)O + (1) NC(=O)C1=CN(C2OC(COP(=O)(O)OP(=O)(O)OCC3OC(n4cnc5c(N)ncnc54)C(OP(=O)(O)O)C3O)C(O)C2O)C=CC1	R66311bd8aefcdd373c04957b013d007073dffeec584611404b4ad86d08c9dfad	rule0107
pkr0000087		(1) cpd00203[c0] + (1) WATER[c0] => (1) pkc0000177[c0] + (1) pkc0000186[c0]	(1) O=C(OP(=O)(O)O)C(O)COP(=O)(O)O + (1) O => (1) O=P(O)(O)OCCO + (1) O=C(O)OP(=O)(O)O	R66f26249f8cc9469ac32d78838ae815e15429a9ebc5afa3b99935a0e64fb0c7a	rule0085_5
pkr0000088		(1) targetsingle[c0] => (1) pkc0000126[c0]	(1) C=C(O)COCC(C)O => (1) C=C(O)COCCCO	R68d143f7630e5337943d6a0a60b079d6e4d2926c0e73180c9261cf5b5651e5c9	rule0028_120
pkr0000089		(1) METHYL_DONOR_CoF[c0] + (1) cpd03091[c0] => (1) METHYL_ACCEPTOR_CoF[c0] + (1) pkc0000215[c0]	(1) CC1OC(n2cnc3c(N)ncnc32)C(O)C1O + (1) C[S+](CCC(N)C(=O)O)CC1OC(n2cnc3c(N)ncnc32)C(O)C1O => (1) COC1C(O)C(C)OC1n1cnc2c(N)ncnc21 + (1) Nc1ncnc2c1ncn2C1OC(CSCCC(N)C(=O)O)C(O)C1O	R6bc6192e013dd8f521400780221eb0b341c7b03a3616a7f2c96cb9d3f9143b72	rule0011_6
pkr0000090		(1) cpd03091[c0] + (1) NAD_CoF[c0] => (1) NADH_CoF[c0] + (1) pkc0000069[c0]	(1) CC1OC(n2cnc3c(N)ncnc32)C(O)C1O + (1) NC(=O)c1ccc[n+](C2OC(COP(=O)(O)OP(=O)(O)OCC3OC(n4cnc5c(N)ncnc54)C(OP(=O)(O)O)C3O)C(O)C2O)c1 => (1) C=C1OC(n2cnc3c(N)ncnc32)C(O)C1O + (1) NC(=O)C1=CN(C2OC(COP(=O)(O)OP(=O)(O)OCC3OC(n4cnc5c(N)ncnc54)C(OP(=O)(O)O)C3O)C(O)C2O)C=CC1	R6c22dec1659837bb22205ef54035d554dcaf7200e0f747de06fde770ef74b718	rule0018_8
pkr0000091		(1) cpd00203[c0] + (1) NAD_CoF[c0] => (1) pkc0000054[c0] + (1) NADH_CoF[c0]	(1) O=C(OP(=O)(O)O)C(O)COP(=O)(O)O + (1) NC(=O)c1ccc[n+](C2OC(COP(=O)(O)OP(=O)(O)OCC3OC(n4cnc5c(N)ncnc54)C(OP(=O)(O)O)C3O)C(O)C2O)c1 => (1) O=C1OP(=O)(O)OC(OP(=O)(O)O)C1O + (1) NC(=O)C1=CN(C2OC(COP(=O)(O)OP(=O)(O)OCC3OC(n4cnc5c(N)ncnc54)C(OP(=O)(O)O)C3O)C(O)C2O)C=CC1	R6f5997f005d29b4ba3c78ce1e91b62a6466701706f6deb3dae5dcc5b6544b2c9	rule0107
pkr0000092		(1) cpd00037[c0] + (1) WATER[c0] => (1) pkc0000192[c0] + (1) CO3[c0]	(1) O=C(O)CCCCCC(=O)O + (1) O => (1) CCCCCC(=O)O + (1) O=C(O)O	R701b94baaff67622fb8bf9d17c6b16506e5891509293bcd3f1b82ccd373027f2	rule0085_5
pkr0000093		(1) cpd00236[c0] + (1) NAD_CoF[c0] => (1) pkc0000169[c0] + (1) NADH_CoF[c0]	(1) O=CC(O)C(O)COP(=O)(O)O + (1) NC(=O)c1ccc[n+](C2OC(COP(=O)(O)OP(=O)(O)OCC3OC(n4cnc5c(N)ncnc54)C(OP(=O)(O)O)C3O)C(O)C2O)c1 => (1) O=C1OP(=O)(O)OCC(O)C1O + (1) NC(=O)C1=CN(C2OC(COP(=O)(O)OP(=O)(O)OCC3OC(n4cnc5c(N)ncnc54)C(OP(=O)(O)O)C3O)C(O)C2O)C=CC1	R7028d05b01a70db05c33e8fe5eeb47ff2138818df4e4e3b2c89f46c076bca665	rule0107
pkr0000094		(1) cpd00036[c0] => (1) pkc0000166[c0]	(1) O=C(O)CCC(=O)O => (1) CC(C(=O)O)C(=O)O	R70ef50c34bac82cdd8e9153bc9e9481e4a06d13c5eaf5629ba45a2b77eac16e4	rule0028_120
pkr0000095		(1) cpd03091[c0] + (1) NAD_CoF[c0] => (1) pkc0000004[c0] + (1) NADH_CoF[c0]	(1) CC1OC(n2cnc3c(N)ncnc32)C(O)C1O + (1) NC(=O)c1ccc[n+](C2OC(COP(=O)(O)OP(=O)(O)OCC3OC(n4cnc5c(N)ncnc54)C(OP(=O)(O)O)C3O)C(O)C2O)c1 => (1) CC1OC2C(O)C1Oc1nc(N)c3ncn2c3n1 + (1) NC(=O)C1=CN(C2OC(COP(=O)(O)OP(=O)(O)OCC3OC(n4cnc5c(N)ncnc54)C(OP(=O)(O)O)C3O)C(O)C2O)C=CC1	R712e926deed52bea4f4ba72391add0d213b5a48691048e2a91a0c3bd11ef5063	rule0107
pkr0000096		(1) cpd00911[c0] + (1) NAD_CoF[c0] => (1) pkc0000134[c0] + (1) NADH_CoF[c0]	(1) O=C1OC(COP(=O)(O)O)C(O)C(O)C1O + (1) NC(=O)c1ccc[n+](C2OC(COP(=O)(O)OP(=O)(O)OCC3OC(n4cnc5c(N)ncnc54)C(OP(=O)(O)O)C3O)C(O)C2O)c1 => (1) O=C1OC(COP(=O)(O)O)C(O)C2(O)OC12 + (1) NC(=O)C1=CN(C2OC(COP(=O)(O)OP(=O)(O)OCC3OC(n4cnc5c(N)ncnc54)C(OP(=O)(O)O)C3O)C(O)C2O)C=CC1	R7131ac1d2b8607b024076bf68a57db90ce94dcc758463c1ca56940b849c95744	rule0107
pkr0000097		(1) cpd00911[c0] + (1) NAD_CoF[c0] => (1) pkc0000201[c0] + (1) NADH_CoF[c0]	(1) O=C1OC(COP(=O)(O)O)C(O)C(O)C1O + (1) NC(=O)c1ccc[n+](C2OC(COP(=O)(O)OP(=O)(O)OCC3OC(n4cnc5c(N)ncnc54)C(OP(=O)(O)O)C3O)C(O)C2O)c1 => (1) O=C1OC2(COP(=O)(O)O)OC2C(O)C1O + (1) NC(=O)C1=CN(C2OC(COP(=O)(O)OP(=O)(O)OCC3OC(n4cnc5c(N)ncnc54)C(OP(=O)(O)O)C3O)C(O)C2O)C=CC1	R71353008d45a8a4e49ec27e4425c6eb29ab6b6536375835155922a781cd8aa26	rule0107
pkr0000098		(1) cpd03091[c0] + (1) NAD_CoF[c0] => (1) NADH_CoF[c0] + (1) pkc0000082[c0]	(1) CC1OC(n2cnc3c(N)ncnc32)C(O)C1O + (1) NC(=O)c1ccc[n+](C2OC(COP(=O)(O)OP(=O)(O)OCC3OC(n4cnc5c(N)ncnc54)C(OP(=O)(O)O)C3O)C(O)C2O)c1 => (1) CC1OC(n2cnc3c(N)ncnc32)=C(O)C1O + (1) NC(=O)C1=CN(C2OC(COP(=O)(O)OP(=O)(O)OCC3OC(n4cnc5c(N)ncnc54)C(OP(=O)(O)O)C3O)C(O)C2O)C=CC1	R718c456594387a65b29ec1faeec0b629e961e32b7262468cc20d3f71c13b4614	rule0018_8
pkr0000099		(1) targetsingle[c0] + (1) WATER[c0] => (1) pkc0000003[c0]	(1) C=C(O)COCC(C)O + (1) O => (1) CC(O)COCC(O)CO	R727dd565b3730501977caecb431f6a40a90d2e38c1a28397493b15f803592b2b	rule0020_5
pkr0000100		(1) cpd00236[c0] => (1) pkc0000137[c0]	(1) O=CC(O)C(O)COP(=O)(O)O => (1) O=CC(O)C(CO)OP(=O)(O)O	R72f67ddc442880b27000691fcd2c81a1c0334e53552522f685d3214549008d73	rule0028_120
pkr0000101		(1) cpd00911[c0] => (1) pkc0000185[c0]	(1) O=C1OC(COP(=O)(O)O)C(O)C(O)C1O => (1) O=C1OC(COP(=O)(O)O)C(O)(CO)C1O	R766873da88d9186df418eea1caa8a362051b8087ad267e0d79068f6ec0f9a0a7	rule0028_120
pkr0000102		(1) cpd00911[c0] + (1) NAD_CoF[c0] => (1) pkc0000038[c0] + (1) NADH_CoF[c0]	(1) O=C1OC(COP(=O)(O)O)C(O)C(O)C1O + (1) NC(=O)c1ccc[n+](C2OC(COP(=O)(O)OP(=O)(O)OCC3OC(n4cnc5c(N)ncnc54)C(OP(=O)(O)O)C3O)C(O)C2O)c1 => (1) O=C1OC2(COP(=O)(O)O)OC1C(O)C2O + (1) NC(=O)C1=CN(C2OC(COP(=O)(O)OP(=O)(O)OCC3OC(n4cnc5c(N)ncnc54)C(OP(=O)(O)O)C3O)C(O)C2O)C=CC1	R7827b34ccb4eb330cff6c260e86171094abeab583d317f4f5956978bc1c376c6	rule0107
pkr0000103		(1) cpd00911[c0] + (1) NAD_CoF[c0] => (1) NADH_CoF[c0] + (1) pkc0000098[c0]	(1) O=C1OC(COP(=O)(O)O)C(O)C(O)C1O + (1) NC(=O)c1ccc[n+](C2OC(COP(=O)(O)OP(=O)(O)OCC3OC(n4cnc5c(N)ncnc54)C(OP(=O)(O)O)C3O)C(O)C2O)c1 => (1) O=C1OC(COP(=O)(O)O)=C(O)C(O)C1O + (1) NC(=O)C1=CN(C2OC(COP(=O)(O)OP(=O)(O)OCC3OC(n4cnc5c(N)ncnc54)C(OP(=O)(O)O)C3O)C(O)C2O)C=CC1	R789371b2dfa1a64d880b006eda7acad28a62655829f8fe4ac5d6f3166d6462b3	rule0018_8
pkr0000104		(1) cpd00911[c0] + (1) NAD_CoF[c0] => (1) pkc0000067[c0] + (1) NADH_CoF[c0]	(1) O=C1OC(COP(=O)(O)O)C(O)C(O)C1O + (1) NC(=O)c1ccc[n+](C2OC(COP(=O)(O)OP(=O)(O)OCC3OC(n4cnc5c(N)ncnc54)C(OP(=O)(O)O)C3O)C(O)C2O)c1 => (1) O=C1OC2C(OP(=O)(O)O)OC1C(O)C2O + (1) NC(=O)C1=CN(C2OC(COP(=O)(O)OP(=O)(O)OCC3OC(n4cnc5c(N)ncnc54)C(OP(=O)(O)O)C3O)C(O)C2O)C=CC1	R7b0555bc6f84e71aa2e29c521aee461c7be46042f6dad9e84daaa0a680336d38	rule0107
pkr0000105		(1) cpd00911[c0] + (1) NAD_CoF[c0] => (1) pkc0000105[c0] + (1) NADH_CoF[c0]	(1) O=C1OC(COP(=O)(O)O)C(O)C(O)C1O + (1) NC(=O)c1ccc[n+](C2OC(COP(=O)(O)OP(=O)(O)OCC3OC(n4cnc5c(N)ncnc54)C(OP(=O)(O)O)C3O)C(O)C2O)c1 => (1) O=C1OC2C(OP(=O)(O)O)OC2C(O)C1O + (1) NC(=O)C1=CN(C2OC(COP(=O)(O)OP(=O)(O)OCC3OC(n4cnc5c(N)ncnc54)C(OP(=O)(O)O)C3O)C(O)C2O)C=CC1	R7b172c7525c73cd869e6d3cd1f1f5d583deeef532996885866d905222855dcc8	rule0107
pkr0000106		(1) cpd00911[c0] => (1) pkc0000207[c0]	(1) O=C1OC(COP(=O)(O)O)C(O)C(O)C1O => (1) O=C(CO)OC1C(O)C(O)C1OP(=O)(O)O	R7c0adb941d529261028b2076ab4147e0c6d4359f080259488b71e7088d7e098a	rule0028_120
pkr0000107		(1) cpd03091[c0] + (1) NAD_CoF[c0] => (1) NADH_CoF[c0] + (1) pkc0000065[c0]	(1) CC1OC(n2cnc3c(N)ncnc32)C(O)C1O + (1) NC(=O)c1ccc[n+](C2OC(COP(=O)(O)OP(=O)(O)OCC3OC(n4cnc5c(N)ncnc54)C(OP(=O)(O)O)C3O)C(O)C2O)c1 => (1) CC1OC(n2cnc3c(N)ncnc32)C(=O)C1O + (1) NC(=O)C1=CN(C2OC(COP(=O)(O)OP(=O)(O)OCC3OC(n4cnc5c(N)ncnc54)C(OP(=O)(O)O)C3O)C(O)C2O)C=CC1	R7d0a4b42947ddc44baffe8d816e575eb409af1905cc570362c5e2b3f1f8f98aa	rule0002_48
pkr0000108		(1) cpd03091[c0] + (1) NAD_CoF[c0] => (1) pkc0000074[c0] + (1) NADH_CoF[c0]	(1) CC1OC(n2cnc3c(N)ncnc32)C(O)C1O + (1) NC(=O)c1ccc[n+](C2OC(COP(=O)(O)OP(=O)(O)OCC3OC(n4cnc5c(N)ncnc54)C(OP(=O)(O)O)C3O)C(O)C2O)c1 => (1) Nc1ncnc2c1ncn2C1OC2COC2C1O + (1) NC(=O)C1=CN(C2OC(COP(=O)(O)OP(=O)(O)OCC3OC(n4cnc5c(N)ncnc54)C(OP(=O)(O)O)C3O)C(O)C2O)C=CC1	R7e2404738c9ea34cac6b42d488ba5fd38616d9e45a984223f2995fd94d36df7b	rule0107
pkr0000109		(1) cpd00236[c0] + (1) WATER[c0] => (1) pkc0000034[c0] + (1) pkc0000212[c0]	(1) O=CC(O)C(O)COP(=O)(O)O + (1) O => (1) O=CCO + (1) O=P(O)(O)OCC(O)O	R80773d2b17b9f41531fae2bdc04ee0b94ca72745a7283b9b0d6f0ce8a9454891	rule0085_5
pkr0000110		(1) cpd00036[c0] + (1) NAD_CoF[c0] => (1) pkc0000046[c0] + (1) NADH_CoF[c0]	(1) O=C(O)CCC(=O)O + (1) NC(=O)c1ccc[n+](C2OC(COP(=O)(O)OP(=O)(O)OCC3OC(n4cnc5c(N)ncnc54)C(OP(=O)(O)O)C3O)C(O)C2O)c1 => (1) O=C(O)CC1OC1=O + (1) NC(=O)C1=CN(C2OC(COP(=O)(O)OP(=O)(O)OCC3OC(n4cnc5c(N)ncnc54)C(OP(=O)(O)O)C3O)C(O)C2O)C=CC1	R80e1aaabcdd04afa899c0197759a075defd044030420436e67afaa18351f854b	rule0107
pkr0000111		(1) cpd00236[c0] + (1) WATER[c0] => (1) pkc0000013[c0] + (1) pkc0000124[c0]	(1) O=CC(O)C(O)COP(=O)(O)O + (1) O => (1) COP(=O)(O)O + (1) O=CC(O)C(O)O	R8107d4a8fb59d7d137d822e9921c81d4759f28ac3db21d0757d432c6b6c061b4	rule0085_5
pkr0000112		(1) targetsingle[c0] + (1) NAD_CoF[c0] => (1) pkc0000063[c0] + (1) NADH_CoF[c0]	(1) C=C(O)COCC(C)O + (1) NC(=O)c1ccc[n+](C2OC(COP(=O)(O)OP(=O)(O)OCC3OC(n4cnc5c(N)ncnc54)C(OP(=O)(O)O)C3O)C(O)C2O)c1 => (1) C=C(O)COCC1CO1 + (1) NC(=O)C1=CN(C2OC(COP(=O)(O)OP(=O)(O)OCC3OC(n4cnc5c(N)ncnc54)C(OP(=O)(O)O)C3O)C(O)C2O)C=CC1	R8258af85b6bde1ec3576b8ae107a707a89f0a976825bdad85de19805b5a39a62	rule0107
pkr0000113		(1) cpd03091[c0] + (1) NAD_CoF[c0] => (1) pkc0000070[c0] + (1) NADH_CoF[c0]	(1) CC1OC(n2cnc3c(N)ncnc32)C(O)C1O + (1) NC(=O)c1ccc[n+](C2OC(COP(=O)(O)OP(=O)(O)OCC3OC(n4cnc5c(N)ncnc54)C(OP(=O)(O)O)C3O)C(O)C2O)c1 => (1) CC1OC(n2cnc3c(N)ncnc32)C2(O)OC12 + (1) NC(=O)C1=CN(C2OC(COP(=O)(O)OP(=O)(O)OCC3OC(n4cnc5c(N)ncnc54)C(OP(=O)(O)O)C3O)C(O)C2O)C=CC1	R826dac8d79c801b1e6f24f399418f44b84fe9adb1367b1edda0f77a18503d00e	rule0107
pkr0000114		(1) cpd00102[c0] + (1) NAD_CoF[c0] => (1) pkc0000153[c0] + (1) NADH_CoF[c0]	(1) O=CC(O)COP(=O)(O)O + (1) NC(=O)c1ccc[n+](C2OC(COP(=O)(O)OP(=O)(O)OCC3OC(n4cnc5c(N)ncnc54)C(OP(=O)(O)O)C3O)C(O)C2O)c1 => (1) O=C1OP(=O)(O)OCC1O + (1) NC(=O)C1=CN(C2OC(COP(=O)(O)OP(=O)(O)OCC3OC(n4cnc5c(N)ncnc54)C(OP(=O)(O)O)C3O)C(O)C2O)C=CC1	R8270a855c8478a6df6e5df674c5c4059451d66268de3516903c0bbed84a4f22a	rule0107
pkr0000115		(1) targetsingle[c0] + (1) WATER[c0] => (1) pkc0000144[c0] + (1) pkc0000150[c0]	(1) C=C(O)COCC(C)O + (1) O => (1) C=CO + (1) CC(O)COCO	R82faa827aa6298e039dd8f87c5d73dfe8010a1c441add86ef76339b48d465b27	rule0085_5
pkr0000116		(1) METHYL_DONOR_CoF[c0] + (1) cpd00203[c0] => (1) METHYL_ACCEPTOR_CoF[c0] + (1) pkc0000036[c0]	(1) O=C(OP(=O)(O)O)C(O)COP(=O)(O)O + (1) C[S+](CCC(N)C(=O)O)CC1OC(n2cnc3c(N)ncnc32)C(O)C1O => (1) COC(COP(=O)(O)O)C(=O)OP(=O)(O)O + (1) Nc1ncnc2c1ncn2C1OC(CSCCC(N)C(=O)O)C(O)C1O	R83fd579d2a49c58350c4a8ca0a2c4320c9bac6191ab5559bf6b99ee6cc98be6a	rule0011_7
pkr0000117		(1) cpd03091[c0] => (1) pkc0000110[c0]	(1) CC1OC(n2cnc3c(N)ncnc32)C(O)C1O => (1) CC1OC(CO)n2c(nc3c(N)ncnc32)C1O	R86d0004e287203feb47ca87f7c8e5fbc52f201793d094ba871520fe61c73a8b3	rule0028_120
pkr0000118		(1) cpd00037[c0] + (1) NAD_CoF[c0] => (1) pkc0000230[c0] + (1) NADH_CoF[c0]	(1) O=C(O)CCCCCC(=O)O + (1) NC(=O)c1ccc[n+](C2OC(COP(=O)(O)OP(=O)(O)OCC3OC(n4cnc5c(N)ncnc54)C(OP(=O)(O)O)C3O)C(O)C2O)c1 => (1) O=C(O)CCC1CCC(=O)O1 + (1) NC(=O)C1=CN(C2OC(COP(=O)(O)OP(=O)(O)OCC3OC(n4cnc5c(N)ncnc54)C(OP(=O)(O)O)C3O)C(O)C2O)C=CC1	R87b4cb119053780a1fd006430f910c114a1ba6201fb4ac6f298acd396994699d	rule0107
pkr0000119		(1) targetsingle[c0] + (1) NAD_CoF[c0] => (1) pkc0000064[c0] + (1) NADH_CoF[c0]	(1) C=C(O)COCC(C)O + (1) NC(=O)c1ccc[n+](C2OC(COP(=O)(O)OP(=O)(O)OCC3OC(n4cnc5c(N)ncnc54)C(OP(=O)(O)O)C3O)C(O)C2O)c1 => (1) C=C1COCC(O)CO1 + (1) NC(=O)C1=CN(C2OC(COP(=O)(O)OP(=O)(O)OCC3OC(n4cnc5c(N)ncnc54)C(OP(=O)(O)O)C3O)C(O)C2O)C=CC1	R8905a913ff145f2c10ce84f646b63c0bff731b42ced833072475eb6ded4b8148	rule0107
pkr0000120		(1) cpd00037[c0] => (1) pkc0000123[c0]	(1) O=C(O)CCCCCC(=O)O => (1) CCCCC(C(=O)O)C(=O)O	R8a18337e16324d275252913ab2d6bd0a65ca706f0a3cbff86cbc74f4536764fc	rule0028_120
pkr0000121		(1) cpd00911[c0] => (1) pkc0000022[c0]	(1) O=C1OC(COP(=O)(O)O)C(O)C(O)C1O => (1) O=C1OC(CO)(COP(=O)(O)O)C(O)C1O	R8aef76a6a204d6e688411feab94828b05cd14d22d9223156734ec1173860bd1f	rule0028_120
pkr0000122		(1) cpd03091[c0] + (1) NAD_CoF[c0] => (1) NADH_CoF[c0] + (1) pkc0000051[c0]	(1) CC1OC(n2cnc3c(N)ncnc32)C(O)C1O + (1) NC(=O)c1ccc[n+](C2OC(COP(=O)(O)OP(=O)(O)OCC3OC(n4cnc5c(N)ncnc54)C(OP(=O)(O)O)C3O)C(O)C2O)c1 => (1) CC1OC(n2cnc3c(N)ncnc32)C(O)=C1O + (1) NC(=O)C1=CN(C2OC(COP(=O)(O)OP(=O)(O)OCC3OC(n4cnc5c(N)ncnc54)C(OP(=O)(O)O)C3O)C(O)C2O)C=CC1	R8c395a7329eca5067aa3ab046996355c756853e3f9ceb57ce52d22b50edfd471	rule0018_8
pkr0000123		(1) cpd00911[c0] => (1) pkc0000103[c0]	(1) O=C1OC(COP(=O)(O)O)C(O)C(O)C1O => (1) O=C1OC(COP(=O)(O)O)C1(O)C(O)CO	R8cc889382261cd7a4b853c362cd2007f047eb67516049cf8412472da5b3c2e7f	rule0028_120
pkr0000124		(1) cpd03091[c0] => (1) pkc0000028[c0]	(1) CC1OC(n2cnc3c(N)ncnc32)C(O)C1O => (1) Nc1ncnc2c1ncn2COC1CC(O)C1O	R8e3c93ba51e5db0da90f75853a2b1094478bf2bdb78e168e5cc011126c06f631	rule0028_120
pkr0000125		(1) cpd03091[c0] => (1) pkc0000030[c0]	(1) CC1OC(n2cnc3c(N)ncnc32)C(O)C1O => (1) CC1OC(C(O)CO)n2c1nc1c(N)ncnc12	R8ef6bfea190cb754f8dc179b9f5f4d0f9b5232ed512cdf63b94dfc2ea17335b9	rule0028_120
pkr0000126		(1) cpd03091[c0] + (1) NAD_CoF[c0] => (1) pkc0000025[c0] + (1) NADH_CoF[c0]	(1) CC1OC(n2cnc3c(N)ncnc32)C(O)C1O + (1) NC(=O)c1ccc[n+](C2OC(COP(=O)(O)OP(=O)(O)OCC3OC(n4cnc5c(N)ncnc54)C(OP(=O)(O)O)C3O)C(O)C2O)c1 => (1) Nc1ncnc2c1ncn2C1OC2COC1C2O + (1) NC(=O)C1=CN(C2OC(COP(=O)(O)OP(=O)(O)OCC3OC(n4cnc5c(N)ncnc54)C(OP(=O)(O)O)C3O)C(O)C2O)C=CC1	R933c72c680013b4ebea94049b5a863b77ad57427723fcff7f3556b2502bbc16a	rule0107
pkr0000127		(1) METHYL_DONOR_CoF[c0] + (1) cpd00236[c0] => (1) METHYL_ACCEPTOR_CoF[c0] + (1) pkc0000095[c0]	(1) O=CC(O)C(O)COP(=O)(O)O + (1) C[S+](CCC(N)C(=O)O)CC1OC(n2cnc3c(N)ncnc32)C(O)C1O => (1) COP(=O)(O)OCC(O)C(O)C=O + (1) Nc1ncnc2c1ncn2C1OC(CSCCC(N)C(=O)O)C(O)C1O	R93f653fcc1c140e35801480546bc443a98a399daa7d8414247c6bcb13d6f523a	rule0011_7
pkr0000128		(1) METHYL_DONOR_CoF[c0] + (1) cpd00911[c0] => (1) METHYL_ACCEPTOR_CoF[c0] + (1) pkc0000107[c0]	(1) O=C1OC(COP(=O)(O)O)C(O)C(O)C1O + (1) C[S+](CCC(N)C(=O)O)CC1OC(n2cnc3c(N)ncnc32)C(O)C1O => (1) COC1C(COP(=O)(O)O)OC(=O)C(O)C1O + (1) Nc1ncnc2c1ncn2C1OC(CSCCC(N)C(=O)O)C(O)C1O	R95807fc7e1cc4e9ea63942bfae9a2a9a7869f0a1f8ce902809fdfae2e585d094	rule0011_6
pkr0000129		(1) targetsingle[c0] => (1) pkc0000210[c0]	(1) C=C(O)COCC(C)O => (1) C=C(O)C(C)OCCO	R95bfc98dc7fb37560c7c0a5b43d5046377400400ed319eb46f568aba59f64ee1	rule0028_120
pkr0000130		(1) targetsingle[c0] => (1) pkc0000118[c0]	(1) C=C(O)COCC(C)O => (1) CC=C(O)COCCO	R9b24df3b53aa67d63e123791e3e1082f3cfd9b95328d966aeac72313bcaccde1	rule0028_120
pkr0000131		(1) cpd03091[c0] => (1) pkc0000010[c0]	(1) CC1OC(n2cnc3c(N)ncnc32)C(O)C1O => (1) CC1(n2cnc3c(N)ncnc32)OCC(O)C1O	R9c2ee04b0f035d84de700b1b92c42613e8273cb74fec5e13e7627bd0ee964f8a	rule0028_120
pkr0000132		(1) cpd03091[c0] + (1) NAD_CoF[c0] => (1) pkc0000041[c0] + (1) NADH_CoF[c0]	(1) CC1OC(n2cnc3c(N)ncnc32)C(O)C1O + (1) NC(=O)c1ccc[n+](C2OC(COP(=O)(O)OP(=O)(O)OCC3OC(n4cnc5c(N)ncnc54)C(OP(=O)(O)O)C3O)C(O)C2O)c1 => (1) CC1OC2(n3cnc4c(N)ncnc43)OC2C1O + (1) NC(=O)C1=CN(C2OC(COP(=O)(O)OP(=O)(O)OCC3OC(n4cnc5c(N)ncnc54)C(OP(=O)(O)O)C3O)C(O)C2O)C=CC1	R9d4619e12ce78dbff1601965250e6df3bfecbe1428ab9d86e2bfe43265240dc4	rule0107
pkr0000133		(1) cpd03091[c0] => (1) pkc0000129[c0]	(1) CC1OC(n2cnc3c(N)ncnc32)C(O)C1O => (1) CC1(O)C(O)COC1n1cnc2c(N)ncnc21	R9dfdca3342816fcd75ee38d075c526862cf967887583b58a720915528a9092f2	rule0028_120
pkr0000134		(1) cpd03091[c0] => (1) pkc0000043[c0]	(1) CC1OC(n2cnc3c(N)ncnc32)C(O)C1O => (1) CC1(C(O)CO)OC1n1cnc2c(N)ncnc21	R9e697e735b6c26689ce8553ff96d59b5e3fd75617728e352890bc51a6f1a5d20	rule0028_120
pkr0000135		(1) cpd03091[c0] => (1) pkc0000131[c0]	(1) CC1OC(n2cnc3c(N)ncnc32)C(O)C1O => (1) CC1OCn2c(nc3c(N)ncnc32)C(O)C1O	R9ea74edeb547944d1ba654af4732785f353bb8d70c7cfae1cb5a83bf4a243cf8	rule0028_120
pkr0000136		(1) cpd00102[c0] + (1) NAD_CoF[c0] => (1) pkc0000176[c0] + (1) NADH_CoF[c0]	(1) O=CC(O)COP(=O)(O)O + (1) NC(=O)c1ccc[n+](C2OC(COP(=O)(O)OP(=O)(O)OCC3OC(n4cnc5c(N)ncnc54)C(OP(=O)(O)O)C3O)C(O)C2O)c1 => (1) O=C1OC1COP(=O)(O)O + (1) NC(=O)C1=CN(C2OC(COP(=O)(O)OP(=O)(O)OCC3OC(n4cnc5c(N)ncnc54)C(OP(=O)(O)O)C3O)C(O)C2O)C=CC1	Ra027b7fc01d9524b98b7ca771a634c76cfc97fd54718c5ff5c6748691cc5d0df	rule0107
pkr0000137		(1) cpd00911[c0] => (1) pkc0000135[c0]	(1) O=C1OC(COP(=O)(O)O)C(O)C(O)C1O => (1) O=C1OC(COP(=O)(O)O)(C(O)CO)C1O	Ra0e91401d37d94d7394f643aafebb9019a189116798f15ea6b1a9d7e67b448dd	rule0028_120
pkr0000138		(1) cpd00911[c0] => (1) pkc0000120[c0]	(1) O=C1OC(COP(=O)(O)O)C(O)C(O)C1O => (1) O=C1OC1(COP(=O)(O)O)C(O)C(O)CO	Ra11ccc93a962a648f4c4471530976364e26ae01477bb362ac6ef1cc3b0af14f1	rule0028_120
pkr0000139		(1) cpd00911[c0] + (1) NAD_CoF[c0] => (1) pkc0000220[c0] + (1) NADH_CoF[c0]	(1) O=C1OC(COP(=O)(O)O)C(O)C(O)C1O + (1) NC(=O)c1ccc[n+](C2OC(COP(=O)(O)OP(=O)(O)OCC3OC(n4cnc5c(N)ncnc54)C(OP(=O)(O)O)C3O)C(O)C2O)c1 => (1) O=C1OC2C(OP(=O)(O)O)OC(C1O)C2O + (1) NC(=O)C1=CN(C2OC(COP(=O)(O)OP(=O)(O)OCC3OC(n4cnc5c(N)ncnc54)C(OP(=O)(O)O)C3O)C(O)C2O)C=CC1	Ra14d73682170dcf2c3f790e366c2f2385c7b7b2981ac2815c4cbceb998584fe2	rule0107
pkr0000140		(1) METHYL_DONOR_CoF[c0] + (1) cpd00236[c0] => (1) METHYL_ACCEPTOR_CoF[c0] + (1) pkc0000086[c0]	(1) O=CC(O)C(O)COP(=O)(O)O + (1) C[S+](CCC(N)C(=O)O)CC1OC(n2cnc3c(N)ncnc32)C(O)C1O => (1) COC(COP(=O)(O)O)C(O)C=O + (1) Nc1ncnc2c1ncn2C1OC(CSCCC(N)C(=O)O)C(O)C1O	Ra20370b19b649703893f503cedf4e8a13bf67bc99b2172c2e50f7870d037e6c6	rule0011_7
pkr0000141		(1) targetsingle[c0] + (1) NAD_CoF[c0] => (1) pkc0000066[c0] + (1) NADH_CoF[c0]	(1) C=C(O)COCC(C)O + (1) NC(=O)c1ccc[n+](C2OC(COP(=O)(O)OP(=O)(O)OCC3OC(n4cnc5c(N)ncnc54)C(OP(=O)(O)O)C3O)C(O)C2O)c1 => (1) C=C(O)C1OCC(C)O1 + (1) NC(=O)C1=CN(C2OC(COP(=O)(O)OP(=O)(O)OCC3OC(n4cnc5c(N)ncnc54)C(OP(=O)(O)O)C3O)C(O)C2O)C=CC1	Ra3b6bac8b6bf06f33e571ce4c55f8b163b8178c7818f8b7ae9a454951dc23faa	rule0107
pkr0000142		(1) METHYL_DONOR_CoF[c0] + (1) cpd00037[c0] => (1) METHYL_ACCEPTOR_CoF[c0] + (1) pkc0000224[c0]	(1) O=C(O)CCCCCC(=O)O + (1) C[S+](CCC(N)C(=O)O)CC1OC(n2cnc3c(N)ncnc32)C(O)C1O => (1) COC(=O)CCCCCC(=O)O + (1) Nc1ncnc2c1ncn2C1OC(CSCCC(N)C(=O)O)C(O)C1O	Ra3fd6263237770117d23c54a540e58f7bc2dbec302e20e75af7958f62b4ce3f3	rule0011_7
pkr0000143		(1) cpd00236[c0] + (1) NAD_CoF[c0] => (1) NADH_CoF[c0] + (1) pkc0000180[c0]	(1) O=CC(O)C(O)COP(=O)(O)O + (1) NC(=O)c1ccc[n+](C2OC(COP(=O)(O)OP(=O)(O)OCC3OC(n4cnc5c(N)ncnc54)C(OP(=O)(O)O)C3O)C(O)C2O)c1 => (1) O=CC(=O)C(O)COP(=O)(O)O + (1) NC(=O)C1=CN(C2OC(COP(=O)(O)OP(=O)(O)OCC3OC(n4cnc5c(N)ncnc54)C(OP(=O)(O)O)C3O)C(O)C2O)C=CC1	Ra4f6eb43aed82d9307af845704b798192a378f2964addd5ff407c4b639ab5794	rule0002_38
pkr0000144		(1) cpd00203[c0] + (1) NAD_CoF[c0] => (1) pkc0000008[c0] + (1) NADH_CoF[c0]	(1) O=C(OP(=O)(O)O)C(O)COP(=O)(O)O + (1) NC(=O)c1ccc[n+](C2OC(COP(=O)(O)OP(=O)(O)OCC3OC(n4cnc5c(N)ncnc54)C(OP(=O)(O)O)C3O)C(O)C2O)c1 => (1) O=C(OP(=O)(O)O)C1OC1OP(=O)(O)O + (1) NC(=O)C1=CN(C2OC(COP(=O)(O)OP(=O)(O)OCC3OC(n4cnc5c(N)ncnc54)C(OP(=O)(O)O)C3O)C(O)C2O)C=CC1	Ra94d804cd7d5bce641f053b45da84e6af1fed539181f6db6b41b4f600cedc585	rule0107
pkr0000145		(1) NADH_CoF[c0] + (1) cpd00037[c0] => (1) pkc0000052[c0] + (1) NAD_CoF[c0]	(1) O=C(O)CCCCCC(=O)O + (1) NC(=O)C1=CN(C2OC(COP(=O)(O)OP(=O)(O)OCC3OC(n4cnc5c(N)ncnc54)C(OP(=O)(O)O)C3O)C(O)C2O)C=CC1 => (1) O=C(O)CCCCCC(O)O + (1) NC(=O)c1ccc[n+](C2OC(COP(=O)(O)OP(=O)(O)OCC3OC(n4cnc5c(N)ncnc54)C(OP(=O)(O)O)C3O)C(O)C2O)c1	Ra9d60be8959794e9a0bc1a4f3af97220cd97f2c90b79ec6dba448f816aaa9ae5	rule0003_18
pkr0000146		(1) NADH_CoF[c0] + (1) cpd00911[c0] => (1) pkc0000211[c0] + (1) NAD_CoF[c0]	(1) O=C1OC(COP(=O)(O)O)C(O)C(O)C1O + (1) NC(=O)C1=CN(C2OC(COP(=O)(O)OP(=O)(O)OCC3OC(n4cnc5c(N)ncnc54)C(OP(=O)(O)O)C3O)C(O)C2O)C=CC1 => (1) O=P(O)(O)OCC1OC(O)C(O)C(O)C1O + (1) NC(=O)c1ccc[n+](C2OC(COP(=O)(O)OP(=O)(O)OCC3OC(n4cnc5c(N)ncnc54)C(OP(=O)(O)O)C3O)C(O)C2O)c1	Raa5639042827edb836ed526d7ca6187839d1ffe6d2bbe7821d26895b3c422327	rule0003_05
pkr0000147		(1) cpd00911[c0] => (1) pkc0000127[c0]	(1) O=C1OC(COP(=O)(O)O)C(O)C(O)C1O => (1) O=COC(COP(=O)(O)O)C1(O)C(O)C1O	Rab04b28e6f1f5b3ec0862e248ca422828546116c35ddaa7dedfa91734829ce13	rule0028_120
pkr0000148		(1) cpd00236[c0] + (1) NAD_CoF[c0] => (1) pkc0000075[c0] + (1) NADH_CoF[c0]	(1) O=CC(O)C(O)COP(=O)(O)O + (1) NC(=O)c1ccc[n+](C2OC(COP(=O)(O)OP(=O)(O)OCC3OC(n4cnc5c(N)ncnc54)C(OP(=O)(O)O)C3O)C(O)C2O)c1 => (1) O=CC1(O)OP(=O)(O)OCC1O + (1) NC(=O)C1=CN(C2OC(COP(=O)(O)OP(=O)(O)OCC3OC(n4cnc5c(N)ncnc54)C(OP(=O)(O)O)C3O)C(O)C2O)C=CC1	Rab258d9fde285b4fd10f5c39ceba8427d074b022fc814da9fc3c2ff65e340bf0	rule0107
pkr0000149		(1) cpd00036[c0] + (1) NAD_CoF[c0] => (1) pkc0000106[c0] + (1) NADH_CoF[c0]	(1) O=C(O)CCC(=O)O + (1) NC(=O)c1ccc[n+](C2OC(COP(=O)(O)OP(=O)(O)OCC3OC(n4cnc5c(N)ncnc54)C(OP(=O)(O)O)C3O)C(O)C2O)c1 => (1) O=C1CC(C(=O)O)O1 + (1) NC(=O)C1=CN(C2OC(COP(=O)(O)OP(=O)(O)OCC3OC(n4cnc5c(N)ncnc54)C(OP(=O)(O)O)C3O)C(O)C2O)C=CC1	Rab72584133a1af92ee3d0fbce82109f354bfd30311fa86ab3da36d60870374f4	rule0107
pkr0000150		(1) cpd00203[c0] + (1) WATER[c0] => (1) pkc0000049[c0] + (1) pkc0000212[c0]	(1) O=C(OP(=O)(O)O)C(O)COP(=O)(O)O + (1) O => (1) O=COP(=O)(O)O + (1) O=P(O)(O)OCC(O)O	Rac887bbe951f78c98b79180f6bed5573cb2decb77e98e64c9b8d04b5d3afecd7	rule0085_5
pkr0000151		(1) cpd03091[c0] => (1) pkc0000032[c0]	(1) CC1OC(n2cnc3c(N)ncnc32)C(O)C1O => (1) CC1(O)COC(n2cnc3c(N)ncnc32)C1O	Rad2d2830b14feafbf389ca514f9f61db6f4ac1b04fdcb274f5d34166cb500b81	rule0028_120
pkr0000152		(1) cpd03091[c0] => (1) pkc0000097[c0]	(1) CC1OC(n2cnc3c(N)ncnc32)C(O)C1O => (1) CC1OC1(C(O)CO)n1cnc2c(N)ncnc21	Rad58d60aaeca456cd5270d6f635f4fb8e755d5a7273a2fdb20c460089d6878c2	rule0028_120
pkr0000153		(1) cpd00236[c0] + (1) NAD_CoF[c0] => (1) pkc0000089[c0] + (1) NADH_CoF[c0]	(1) O=CC(O)C(O)COP(=O)(O)O + (1) NC(=O)c1ccc[n+](C2OC(COP(=O)(O)OP(=O)(O)OCC3OC(n4cnc5c(N)ncnc54)C(OP(=O)(O)O)C3O)C(O)C2O)c1 => (1) O=CC(O)C(O)C1OP(=O)(O)O1 + (1) NC(=O)C1=CN(C2OC(COP(=O)(O)OP(=O)(O)OCC3OC(n4cnc5c(N)ncnc54)C(OP(=O)(O)O)C3O)C(O)C2O)C=CC1	Raeb2560befabc5087f47e680817cbdfd3de0ade5522313e63a7433c3977b91cc	rule0107
pkr0000154		(1) NADH_CoF[c0] + (1) cpd02211[c0] => (1) pkc0000068[c0] + (1) NAD_CoF[c0]	(1) CC(=O)C(N)C(=O)O + (1) NC(=O)C1=CN(C2OC(COP(=O)(O)OP(=O)(O)OCC3OC(n4cnc5c(N)ncnc54)C(OP(=O)(O)O)C3O)C(O)C2O)C=CC1 => (1) CC(=O)C(N)C(O)O + (1) NC(=O)c1ccc[n+](C2OC(COP(=O)(O)OP(=O)(O)OCC3OC(n4cnc5c(N)ncnc54)C(OP(=O)(O)O)C3O)C(O)C2O)c1	Rafeb4e536cd6fba0944687fd226a6ab905f3343c4124bfbb055c469544b33c21	rule0003_18
pkr0000155		(1) cpd03091[c0] + (1) WATER[c0] => (1) pkc0000055[c0] + (1) pkc0000121[c0]	(1) CC1OC(n2cnc3c(N)ncnc32)C(O)C1O + (1) O => (1) C + (1) Nc1ncnc2c1ncn2C1OC(O)C(O)C1O	Rb18d0897879c36673d1ac74f867117f0952b1c0f72097c7183d2c28b3602ac7c	rule0085_5
pkr0000156		(1) cpd00203[c0] + (1) WATER[c0] => (1) pkc0000013[c0] + (1) pkc0000164[c0]	(1) O=C(OP(=O)(O)O)C(O)COP(=O)(O)O + (1) O => (1) COP(=O)(O)O + (1) O=C(OP(=O)(O)O)C(O)O	Rb2ed2504b03cccb8bfc94b4c1f66217562ca6ff9abe74110de504f36f09c4b0e	rule0085_5
pkr0000157		(1) NADH_CoF[c0] + (1) cpd00036[c0] => (1) pkc0000058[c0] + (1) NAD_CoF[c0]	(1) O=C(O)CCC(=O)O + (1) NC(=O)C1=CN(C2OC(COP(=O)(O)OP(=O)(O)OCC3OC(n4cnc5c(N)ncnc54)C(OP(=O)(O)O)C3O)C(O)C2O)C=CC1 => (1) O=C(O)CCC(O)O + (1) NC(=O)c1ccc[n+](C2OC(COP(=O)(O)OP(=O)(O)OCC3OC(n4cnc5c(N)ncnc54)C(OP(=O)(O)O)C3O)C(O)C2O)c1	Rb342395840e1257a62162ead2eb6a55efd37b3b357dce5df18921aac64b22f3c	rule0003_18
pkr0000158		(1) targetsingle[c0] => (1) pkc0000147[c0]	(1) C=C(O)COCC(C)O => (1) C=C(O)CC(O)COC	Rb3ec657902ef6f8f9713d68d81ad7eccfa8d2c08af6abe5a4e9eed58a4278b19	rule0028_120
pkr0000159		(1) cpd00911[c0] => (1) pkc0000006[c0]	(1) O=C1OC(COP(=O)(O)O)C(O)C(O)C1O => (1) O=C(OC1C(O)C1OP(=O)(O)O)C(O)CO	Rb4f80db8658d854fd4cbc8d6fc7f314aae76767a0af51c83918037577fccdde3	rule0028_120
pkr0000160		(1) cpd00203[c0] + (1) NAD_CoF[c0] => (1) pkc0000187[c0] + (1) NADH_CoF[c0]	(1) O=C(OP(=O)(O)O)C(O)COP(=O)(O)O + (1) NC(=O)c1ccc[n+](C2OC(COP(=O)(O)OP(=O)(O)OCC3OC(n4cnc5c(N)ncnc54)C(OP(=O)(O)O)C3O)C(O)C2O)c1 => (1) O=C(OP(=O)(O)O)C1(O)COP(=O)(O)O1 + (1) NC(=O)C1=CN(C2OC(COP(=O)(O)OP(=O)(O)OCC3OC(n4cnc5c(N)ncnc54)C(OP(=O)(O)O)C3O)C(O)C2O)C=CC1	Rb58b032b3000f1bbd0843363fe463ad6f7b13e616e6004496b7dad4b826f916c	rule0107
pkr0000161		(1) cpd00037[c0] + (1) WATER[c0] => (1) pkc0000007[c0] + (1) pkc0000061[c0]	(1) O=C(O)CCCCCC(=O)O + (1) O => (1) CCC(=O)O + (1) O=C(O)CCCO	Rb7a58086737e05517d8472927ec9a4c18506d9e4ac3f8b83823768a7ed5ac1bd	rule0085_5
pkr0000162		(1) targetsingle[c0] => (1) pkc0000174[c0]	(1) C=C(O)COCC(C)O => (1) COCC(O)=CC(C)O	Rbb46b468e82c46bc87f3b304895958af7786b6ff246f80a24ae6219840fb4cd2	rule0028_120
pkr0000163		(1) cpd00911[c0] => (1) pkc0000161[c0]	(1) O=C1OC(COP(=O)(O)O)C(O)C(O)C1O => (1) O=COC1C(O)C(O)C(O)C1OP(=O)(O)O	Rbddba459c60110e55fecd9f9dd112f6df4a2bad7c42e28e9544ede2fa361b88f	rule0028_120
pkr0000164		(1) cpd00236[c0] + (1) WATER[c0] => (1) pkc0000177[c0] + (1) pkc0000204[c0]	(1) O=CC(O)C(O)COP(=O)(O)O + (1) O => (1) O=P(O)(O)OCCO + (1) O=CC(O)O	Rc085489edb23d1eb7cb6a939f56d9bd9114f757061f8bc13e8334917c699b63e	rule0085_5
pkr0000165		(1) cpd00036[c0] + (1) WATER[c0] => (1) pkc0000007[c0] + (1) CO3[c0]	(1) O=C(O)CCC(=O)O + (1) O => (1) CCC(=O)O + (1) O=C(O)O	Rc5cbbf9fe5a4d82c87a4b8c373b37a89e9d55d1bac64915b5f72f754cde5761c	rule0085_5
pkr0000166		(1) cpd00102[c0] + (1) WATER[c0] => (1) pkc0000104[c0] + (1) pkc0000212[c0]	(1) O=CC(O)COP(=O)(O)O + (1) O => (1) C=O + (1) O=P(O)(O)OCC(O)O	Rc6e6e3f2d4e5e11e9d1f1006a6e4d4e5cf8ef36ef7ad786d342bfe20af8ce570	rule0085_5
pkr0000167		(1) cpd00911[c0] + (1) NAD_CoF[c0] => (1) pkc0000163[c0] + (1) NADH_CoF[c0]	(1) O=C1OC(COP(=O)(O)O)C(O)C(O)C1O + (1) NC(=O)c1ccc[n+](C2OC(COP(=O)(O)OP(=O)(O)OCC3OC(n4cnc5c(N)ncnc54)C(OP(=O)(O)O)C3O)C(O)C2O)c1 => (1) O=C1OC2COP(=O)(O)OC2(O)C(O)C1O + (1) NC(=O)C1=CN(C2OC(COP(=O)(O)OP(=O)(O)OCC3OC(n4cnc5c(N)ncnc54)C(OP(=O)(O)O)C3O)C(O)C2O)C=CC1	Rc74a3344829d08164e576b62a575883c4f1b312c5963a35816bafc005937e9bc	rule0107
pkr0000168		(1) NADH_CoF[c0] + (1) cpd02211[c0] => (1) pkc0000209[c0] + (1) NAD_CoF[c0]	(1) CC(=O)C(N)C(=O)O + (1) NC(=O)C1=CN(C2OC(COP(=O)(O)OP(=O)(O)OCC3OC(n4cnc5c(N)ncnc54)C(OP(=O)(O)O)C3O)C(O)C2O)C=CC1 => (1) CC(O)C(N)C(=O)O + (1) NC(=O)c1ccc[n+](C2OC(COP(=O)(O)OP(=O)(O)OCC3OC(n4cnc5c(N)ncnc54)C(OP(=O)(O)O)C3O)C(O)C2O)c1	Rc96d5620f506cebbb44534e34a63a27cc6e83a6a8ddeb14ccb54042ae0e4bbd1	rule0003_13
pkr0000169		(1) cpd00236[c0] + (1) NAD_CoF[c0] => (1) pkc0000218[c0] + (1) NADH_CoF[c0]	(1) O=CC(O)C(O)COP(=O)(O)O + (1) NC(=O)c1ccc[n+](C2OC(COP(=O)(O)OP(=O)(O)OCC3OC(n4cnc5c(N)ncnc54)C(OP(=O)(O)O)C3O)C(O)C2O)c1 => (1) O=C1OC(COP(=O)(O)O)C1O + (1) NC(=O)C1=CN(C2OC(COP(=O)(O)OP(=O)(O)OCC3OC(n4cnc5c(N)ncnc54)C(OP(=O)(O)O)C3O)C(O)C2O)C=CC1	Rccba8e4b1491e0c013dd513e5e9cba35453aed69ab4b746e990c40c9a510c880	rule0107
pkr0000170		(1) cpd00037[c0] + (1) NAD_CoF[c0] => (1) pkc0000175[c0] + (1) NADH_CoF[c0]	(1) O=C(O)CCCCCC(=O)O + (1) NC(=O)c1ccc[n+](C2OC(COP(=O)(O)OP(=O)(O)OCC3OC(n4cnc5c(N)ncnc54)C(OP(=O)(O)O)C3O)C(O)C2O)c1 => (1) O=C(O)CCCCC1OC1=O + (1) NC(=O)C1=CN(C2OC(COP(=O)(O)OP(=O)(O)OCC3OC(n4cnc5c(N)ncnc54)C(OP(=O)(O)O)C3O)C(O)C2O)C=CC1	Rccc45a4376ae02d0a6ced9e526b2f9d4b0ff09648a9d1335b61d030925d5463b	rule0107
pkr0000171		(1) targetsingle[c0] => (1) pkc0000092[c0]	(1) C=C(O)COCC(C)O => (1) C=C(O)C(C)(O)COC	Rcce64b3d64dc00902c8bdbe397a04ae4b6e6c5d03d8bda118177aab6447d2cd2	rule0028_120
pkr0000172		(1) cpd00911[c0] + (1) NAD_CoF[c0] => (1) pkc0000178[c0] + (1) NADH_CoF[c0]	(1) O=C1OC(COP(=O)(O)O)C(O)C(O)C1O + (1) NC(=O)c1ccc[n+](C2OC(COP(=O)(O)OP(=O)(O)OCC3OC(n4cnc5c(N)ncnc54)C(OP(=O)(O)O)C3O)C(O)C2O)c1 => (1) O=C1OC(COP(=O)(O)O)C(O)C2OC12O + (1) NC(=O)C1=CN(C2OC(COP(=O)(O)OP(=O)(O)OCC3OC(n4cnc5c(N)ncnc54)C(OP(=O)(O)O)C3O)C(O)C2O)C=CC1	Rce1ffdf0dda84f7147b628b97f7adb290b27362ac2c299287c8361a5c866118c	rule0107
pkr0000173		(1) cpd00102[c0] + (1) NAD_CoF[c0] => (1) pkc0000152[c0] + (1) NADH_CoF[c0]	(1) O=CC(O)COP(=O)(O)O + (1) NC(=O)c1ccc[n+](C2OC(COP(=O)(O)OP(=O)(O)OCC3OC(n4cnc5c(N)ncnc54)C(OP(=O)(O)O)C3O)C(O)C2O)c1 => (1) O=CC1OC1OP(=O)(O)O + (1) NC(=O)C1=CN(C2OC(COP(=O)(O)OP(=O)(O)OCC3OC(n4cnc5c(N)ncnc54)C(OP(=O)(O)O)C3O)C(O)C2O)C=CC1	Rce744054310665997acb3dbbbc22329004e86176728f135b6329f1acc2530cf9	rule0107
pkr0000174		(1) cpd02211[c0] + (1) WATER[c0] => (1) pkc0000016[c0] + (1) pkc0000173[c0]	(1) CC(=O)C(N)C(=O)O + (1) O => (1) O=CO + (1) CC(=O)C(N)O	Rd1e208fb8014214ce8e291ec0b082cec6b9dfd1133f872c83a7de096131ec87a	rule0085_5
pkr0000175		(1) cpd00911[c0] + (1) NAD_CoF[c0] => (1) pkc0000039[c0] + (1) NADH_CoF[c0]	(1) O=C1OC(COP(=O)(O)O)C(O)C(O)C1O + (1) NC(=O)c1ccc[n+](C2OC(COP(=O)(O)OP(=O)(O)OCC3OC(n4cnc5c(N)ncnc54)C(OP(=O)(O)O)C3O)C(O)C2O)c1 => (1) O=C1OC(COP(=O)(O)O)C2OC1(O)C2O + (1) NC(=O)C1=CN(C2OC(COP(=O)(O)OP(=O)(O)OCC3OC(n4cnc5c(N)ncnc54)C(OP(=O)(O)O)C3O)C(O)C2O)C=CC1	Rd1e3297a9233f7559b64d2f7f4b3c3d8de6ab478790c70e45e236ddd832dff3c	rule0107
pkr0000176		(2) cpd02211[c0] => (1) pkc0000100[c0] + (1) WATER[c0]	(2) CC(=O)C(N)C(=O)O => (1) CC(=O)C(N)C(=O)NC(C(C)=O)C(=O)O + (1) O	Rd464086c5fbd328198bf0a19833cd9e49b856f589b73daadb309aaf8ef84c612	rule0012_19
pkr0000177		(1) cpd00911[c0] + (1) NAD_CoF[c0] => (1) NADH_CoF[c0] + (1) pkc0000012[c0]	(1) O=C1OC(COP(=O)(O)O)C(O)C(O)C1O + (1) NC(=O)c1ccc[n+](C2OC(COP(=O)(O)OP(=O)(O)OCC3OC(n4cnc5c(N)ncnc54)C(OP(=O)(O)O)C3O)C(O)C2O)c1 => (1) O=C1OC(=COP(=O)(O)O)C(O)C(O)C1O + (1) NC(=O)C1=CN(C2OC(COP(=O)(O)OP(=O)(O)OCC3OC(n4cnc5c(N)ncnc54)C(OP(=O)(O)O)C3O)C(O)C2O)C=CC1	Rd4dff1a98afa097e6a30c4451a783b969bcd561d61778fbc75e088e6f46328d0	rule0018_8
pkr0000178		(1) cpd00911[c0] + (1) NAD_CoF[c0] => (1) pkc0000094[c0] + (1) NADH_CoF[c0]	(1) O=C1OC(COP(=O)(O)O)C(O)C(O)C1O + (1) NC(=O)c1ccc[n+](C2OC(COP(=O)(O)OP(=O)(O)OCC3OC(n4cnc5c(N)ncnc54)C(OP(=O)(O)O)C3O)C(O)C2O)c1 => (1) O=C1OC(COP(=O)(O)O)C2OC2(O)C1O + (1) NC(=O)C1=CN(C2OC(COP(=O)(O)OP(=O)(O)OCC3OC(n4cnc5c(N)ncnc54)C(OP(=O)(O)O)C3O)C(O)C2O)C=CC1	Rd4ea14445cf7e09bd45d95739ebfb6485332723649263f4ed7ef3d2b45c0cc48	rule0107
pkr0000179		(1) targetsingle[c0] + (1) WATER[c0] => (1) pkc0000148[c0] + (1) pkc0000216[c0]	(1) C=C(O)COCC(C)O + (1) O => (1) C=C(O)COCCO + (1) CO	Rd59ccafc605ce53615653a4a34c784d3d4f473b850f67e03392c4c502435bcf0	rule0085_5
pkr0000180		(1) cpd00236[c0] + (1) WATER[c0] => (1) pkc0000200[c0] + (1) pkc0000191[c0]	(1) O=CC(O)C(O)COP(=O)(O)O + (1) O => (1) O=P(O)(O)OCO + (1) O=CC(O)CO	Rd7d94e7bee61eec36c0c7d357345a543987085543aebcd30ee098811a27bf7ee	rule0085_5
pkr0000181		(2) cpd03091[c0] => (1) pkc0000222[c0] + (1) WATER[c0]	(2) CC1OC(n2cnc3c(N)ncnc32)C(O)C1O => (1) CC1OC(n2cnc3c(NC4C(C)OC(n5cnc6c(N)ncnc65)C4O)ncnc32)C(O)C1O + (1) O	Rd7dc6880ae8bda01d1f6c48b4f5c05c49b35bf97ca57e380e7e61ab6bafd459c	rule0012_35
pkr0000182		(1) cpd00037[c0] + (1) WATER[c0] => (1) pkc0000023[c0] + (1) pkc0000021[c0]	(1) O=C(O)CCCCCC(=O)O + (1) O => (1) O=C(O)CCO + (1) CCCC(=O)O	Rd7eb54401712c1e0b18581b6d4f7d966f6a279f1c2cdbf49cd84e4ce4e74aa33	rule0085_5
pkr0000183		(1) cpd00911[c0] + (1) NAD_CoF[c0] => (1) pkc0000154[c0] + (1) NADH_CoF[c0]	(1) O=C1OC(COP(=O)(O)O)C(O)C(O)C1O + (1) NC(=O)c1ccc[n+](C2OC(COP(=O)(O)OP(=O)(O)OCC3OC(n4cnc5c(N)ncnc54)C(OP(=O)(O)O)C3O)C(O)C2O)c1 => (1) O=C1OC(C2OP(=O)(O)O2)C(O)C(O)C1O + (1) NC(=O)C1=CN(C2OC(COP(=O)(O)OP(=O)(O)OCC3OC(n4cnc5c(N)ncnc54)C(OP(=O)(O)O)C3O)C(O)C2O)C=CC1	Rda965dfa7c72b9caa7f68154418dc0cbfa72a8d83c5aa131910f6943be9e9981	rule0107
pkr0000184		(1) cpd00037[c0] => (1) pkc0000076[c0]	(1) O=C(O)CCCCCC(=O)O => (1) CCC(CC(=O)O)CC(=O)O	Rdb7920dfc4d9ca884eb2b00d78e0db2d413d9d7b3a6c46eaf63689af64912b4b	rule0028_120
pkr0000185		(1) cpd00911[c0] + (1) NAD_CoF[c0] => (1) pkc0000060[c0] + (1) NADH_CoF[c0]	(1) O=C1OC(COP(=O)(O)O)C(O)C(O)C1O + (1) NC(=O)c1ccc[n+](C2OC(COP(=O)(O)OP(=O)(O)OCC3OC(n4cnc5c(N)ncnc54)C(OP(=O)(O)O)C3O)C(O)C2O)c1 => (1) O=C1OC2(COP(=O)(O)O)OC(C1O)C2O + (1) NC(=O)C1=CN(C2OC(COP(=O)(O)OP(=O)(O)OCC3OC(n4cnc5c(N)ncnc54)C(OP(=O)(O)O)C3O)C(O)C2O)C=CC1	Rdb933229ad3d50f2c21c3a3024f745ebf5b7e68274e340b9afad74b2be2470bc	rule0107
pkr0000186		(1) cpd00102[c0] + (1) NAD_CoF[c0] => (1) pkc0000033[c0] + (1) NADH_CoF[c0]	(1) O=CC(O)COP(=O)(O)O + (1) NC(=O)c1ccc[n+](C2OC(COP(=O)(O)OP(=O)(O)OCC3OC(n4cnc5c(N)ncnc54)C(OP(=O)(O)O)C3O)C(O)C2O)c1 => (1) O=CC(O)C1OP(=O)(O)O1 + (1) NC(=O)C1=CN(C2OC(COP(=O)(O)OP(=O)(O)OCC3OC(n4cnc5c(N)ncnc54)C(OP(=O)(O)O)C3O)C(O)C2O)C=CC1	Rdc7808fd393dff5efd9159ef6fd7c5d53883b491f3c3b76e1a09951b1af5793f	rule0107
pkr0000187		(1) cpd02211[c0] + (1) WATER[c0] => (1) pkc0000055[c0] + (1) pkc0000109[c0]	(1) CC(=O)C(N)C(=O)O + (1) O => (1) C + (1) NC(C(=O)O)C(=O)O	Rdd16f35cd8007573c205ff1cdfe2d86bc7c933e31d0d8d912cf00be338ec176b	rule0085_5
pkr0000188		(1) cpd03091[c0] => (1) pkc0000062[c0]	(1) CC1OC(n2cnc3c(N)ncnc32)C(O)C1O => (1) CC(OC1c2nc3c(N)ncnc3n21)C(O)CO	Rde23207bf8c9075fc18347da37f7b7858c8d11a2b009c828dfd66bdc83f7e71b	rule0028_120
pkr0000189		(1) targetsingle[c0] + (1) NAD_CoF[c0] => (1) pkc0000009[c0] + (1) NADH_CoF[c0]	(1) C=C(O)COCC(C)O + (1) NC(=O)c1ccc[n+](C2OC(COP(=O)(O)OP(=O)(O)OCC3OC(n4cnc5c(N)ncnc54)C(OP(=O)(O)O)C3O)C(O)C2O)c1 => (1) C=C1OC1OCC(C)O + (1) NC(=O)C1=CN(C2OC(COP(=O)(O)OP(=O)(O)OCC3OC(n4cnc5c(N)ncnc54)C(OP(=O)(O)O)C3O)C(O)C2O)C=CC1	Re063f238bf1fc76ff79d064c492cb6b4bca3fd15380af0cc81a60b3a6bc394a3	rule0107
pkr0000190		(1) cpd03091[c0] + (1) NAD_CoF[c0] => (1) NADH_CoF[c0] + (1) pkc0000081[c0]	(1) CC1OC(n2cnc3c(N)ncnc32)C(O)C1O + (1) NC(=O)c1ccc[n+](C2OC(COP(=O)(O)OP(=O)(O)OCC3OC(n4cnc5c(N)ncnc54)C(OP(=O)(O)O)C3O)C(O)C2O)c1 => (1) CC1=C(O)C(O)C(n2cnc3c(N)ncnc32)O1 + (1) NC(=O)C1=CN(C2OC(COP(=O)(O)OP(=O)(O)OCC3OC(n4cnc5c(N)ncnc54)C(OP(=O)(O)O)C3O)C(O)C2O)C=CC1	Re13d7f71488a31b00d88f681f0f74df5237559e9bd5dba8dc070c4073486c770	rule0018_8
pkr0000191		(1) cpd00236[c0] + (1) NAD_CoF[c0] => (1) NADH_CoF[c0] + (1) pkc0000050[c0]	(1) O=CC(O)C(O)COP(=O)(O)O + (1) NC(=O)c1ccc[n+](C2OC(COP(=O)(O)OP(=O)(O)OCC3OC(n4cnc5c(N)ncnc54)C(OP(=O)(O)O)C3O)C(O)C2O)c1 => (1) O=CC(O)C(=O)COP(=O)(O)O + (1) NC(=O)C1=CN(C2OC(COP(=O)(O)OP(=O)(O)OCC3OC(n4cnc5c(N)ncnc54)C(OP(=O)(O)O)C3O)C(O)C2O)C=CC1	Re405e1666b6b45b274d9b520f8bb10c9260d8a5e4c79ac90f02a75a8aa9fbb7a	rule0002_38
pkr0000192		(1) cpd03091[c0] + (1) NAD_CoF[c0] => (1) pkc0000226[c0] + (1) NADH_CoF[c0]	(1) CC1OC(n2cnc3c(N)ncnc32)C(O)C1O + (1) NC(=O)c1ccc[n+](C2OC(COP(=O)(O)OP(=O)(O)OCC3OC(n4cnc5c(N)ncnc54)C(OP(=O)(O)O)C3O)C(O)C2O)c1 => (1) CC1OC2C(Oc3nc4c(N)ncnc4n32)C1O + (1) NC(=O)C1=CN(C2OC(COP(=O)(O)OP(=O)(O)OCC3OC(n4cnc5c(N)ncnc54)C(OP(=O)(O)O)C3O)C(O)C2O)C=CC1	Re42e05c96c27b7761eca7cab41bf8863f385dd542ade5b03c17ad30a43cc0e2d	rule0107
pkr0000193		(1) METHYL_DONOR_CoF[c0] + (1) cpd02211[c0] => (1) METHYL_ACCEPTOR_CoF[c0] + (1) pkc0000059[c0]	(1) CC(=O)C(N)C(=O)O + (1) C[S+](CCC(N)C(=O)O)CC1OC(n2cnc3c(N)ncnc32)C(O)C1O => (1) COC(=O)C(N)C(C)=O + (1) Nc1ncnc2c1ncn2C1OC(CSCCC(N)C(=O)O)C(O)C1O	Re4c94c78651ae8f70a6858df50a9d928dea20980921f5a31fe3367d0f4ce95ca	rule0011_7
pkr0000194		(1) cpd02211[c0] + (1) WATER[c0] => (1) pkc0000111[c0] + (1) pkc0000088[c0]	(1) CC(=O)C(N)C(=O)O + (1) O => (1) CC(=O)O + (1) NCC(=O)O	Re62b25f3055bab7837671955c53a234b292089d4d304faa037ca72904fdc03a2	rule0085_5
pkr0000195		(1) cpd00236[c0] + (1) NAD_CoF[c0] => (1) NADH_CoF[c0] + (1) pkc0000214[c0]	(1) O=CC(O)C(O)COP(=O)(O)O + (1) NC(=O)c1ccc[n+](C2OC(COP(=O)(O)OP(=O)(O)OCC3OC(n4cnc5c(N)ncnc54)C(OP(=O)(O)O)C3O)C(O)C2O)c1 => (1) O=C=C(O)C(O)COP(=O)(O)O + (1) NC(=O)C1=CN(C2OC(COP(=O)(O)OP(=O)(O)OCC3OC(n4cnc5c(N)ncnc54)C(OP(=O)(O)O)C3O)C(O)C2O)C=CC1	Re770eff096fbb6619b647750abf0f6c52abdd92ea0460b7350d7569cff3cff30	rule0018_6
pkr0000196		(1) cpd03091[c0] => (1) pkc0000165[c0]	(1) CC1OC(n2cnc3c(N)ncnc32)C(O)C1O => (1) CC(OC1c2nc(N)c3ncn1c3n2)C(O)CO	Re793c9e76e16c64ae34d1741eb4634a1072cb6ee2d892d5f312c7bb3b032a7fe	rule0028_120
pkr0000197		(1) targetsingle[c0] => (1) pkc0000079[c0]	(1) C=C(O)COCC(C)O => (1) C=C(O)C(OC)C(C)O	Re7d8656c3f79d138d0a8fae34abf6fcf0b80ce41a1be39ede29505311a92abd0	rule0028_120
pkr0000198		(1) targetsingle[c0] + (1) WATER[c0] => (1) pkc0000146[c0] + (1) pkc0000044[c0]	(1) C=C(O)COCC(C)O + (1) O => (1) C=C(O)COCO + (1) CCO	Re8549d63e5d9e8886212f6ff72215de081c6be45424afc727939881e6715cd7f	rule0085_5
pkr0000199		(1) cpd00203[c0] + (1) NAD_CoF[c0] => (1) pkc0000114[c0] + (1) NADH_CoF[c0]	(1) O=C(OP(=O)(O)O)C(O)COP(=O)(O)O + (1) NC(=O)c1ccc[n+](C2OC(COP(=O)(O)OP(=O)(O)OCC3OC(n4cnc5c(N)ncnc54)C(OP(=O)(O)O)C3O)C(O)C2O)c1 => (1) O=C(OP(=O)(O)O)C(O)C1OP(=O)(O)O1 + (1) NC(=O)C1=CN(C2OC(COP(=O)(O)OP(=O)(O)OCC3OC(n4cnc5c(N)ncnc54)C(OP(=O)(O)O)C3O)C(O)C2O)C=CC1	Reae2a014848ed5d3aab0e25c691733cb3f7c0da66b9d1db2e49aa75362f29c69	rule0107
pkr0000200		(1) cpd00102[c0] + (1) NAD_CoF[c0] => (1) NADH_CoF[c0] + (1) pkc0000047[c0]	(1) O=CC(O)COP(=O)(O)O + (1) NC(=O)c1ccc[n+](C2OC(COP(=O)(O)OP(=O)(O)OCC3OC(n4cnc5c(N)ncnc54)C(OP(=O)(O)O)C3O)C(O)C2O)c1 => (1) O=C=C(O)COP(=O)(O)O + (1) NC(=O)C1=CN(C2OC(COP(=O)(O)OP(=O)(O)OCC3OC(n4cnc5c(N)ncnc54)C(OP(=O)(O)O)C3O)C(O)C2O)C=CC1	Rec522e4b4cf473c29c1dd68b62a9b56041cce2e0216ec55210d8a94fa2886a95	rule0018_6
pkr0000201		(1) cpd00911[c0] => (1) pkc0000053[c0]	(1) O=C1OC(COP(=O)(O)O)C(O)C(O)C1O => (1) O=C1OC(C(O)C(O)CO)C1OP(=O)(O)O	Red8c5d32950a74c44e09949361bde653bb67ae2049c61afa05f4d2583e38ecf6	rule0028_120
pkr0000202		(1) cpd00236[c0] + (1) WATER[c0] => (1) pkc0000138[c0] + (1) pkc0000016[c0]	(1) O=CC(O)C(O)COP(=O)(O)O + (1) O => (1) O=CO + (1) O=P(O)(O)OCC(O)CO	Ree03ec90f8f239b62ee63e1dcdbfa245e34da524ec1356fb21a4dd2c07931492	rule0085_5
pkr0000203		(1) cpd03091[c0] => (1) pkc0000005[c0]	(1) CC1OC(n2cnc3c(N)ncnc32)C(O)C1O => (1) CC1(CO)OC(n2cnc3c(N)ncnc32)C1O	Ree67aeda8b094a89946b26f9eb7d87f2fdb435439004702f5372a2686b57710b	rule0028_120
pkr0000204		(1) METHYL_DONOR_CoF[c0] + (1) cpd00203[c0] => (1) METHYL_ACCEPTOR_CoF[c0] + (1) pkc0000160[c0]	(1) O=C(OP(=O)(O)O)C(O)COP(=O)(O)O + (1) C[S+](CCC(N)C(=O)O)CC1OC(n2cnc3c(N)ncnc32)C(O)C1O => (1) COP(=O)(O)OCC(O)C(=O)OP(=O)(O)O + (1) Nc1ncnc2c1ncn2C1OC(CSCCC(N)C(=O)O)C(O)C1O	Ref2badc45610a0bfd9a594d546a4c40f2e33b8aed66284f3a160dbee9a3e4941	rule0011_7
pkr0000205		(1) cpd03091[c0] => (1) pkc0000078[c0]	(1) CC1OC(n2cnc3c(N)ncnc32)C(O)C1O => (1) CC1(OCn2cnc3c(N)ncnc32)C(O)C1O	Rf082a36362f0434c459946aa62a092ffd4a90ff83bb6321335d02ad0b30fb49f	rule0028_120
pkr0000206		(1) cpd00236[c0] + (1) NAD_CoF[c0] => (1) pkc0000091[c0] + (1) NADH_CoF[c0]	(1) O=CC(O)C(O)COP(=O)(O)O + (1) NC(=O)c1ccc[n+](C2OC(COP(=O)(O)OP(=O)(O)OCC3OC(n4cnc5c(N)ncnc54)C(OP(=O)(O)O)C3O)C(O)C2O)c1 => (1) O=CC(O)C1(O)COP(=O)(O)O1 + (1) NC(=O)C1=CN(C2OC(COP(=O)(O)OP(=O)(O)OCC3OC(n4cnc5c(N)ncnc54)C(OP(=O)(O)O)C3O)C(O)C2O)C=CC1	Rf17aef35878b4f884ed87aa9abbd58074cc15f66537637623c735879863a8ce7	rule0107
pkr0000207		(1) targetsingle[c0] + (1) NAD_CoF[c0] => (1) pkc0000141[c0] + (1) NADH_CoF[c0]	(1) C=C(O)COCC(C)O + (1) NC(=O)c1ccc[n+](C2OC(COP(=O)(O)OP(=O)(O)OCC3OC(n4cnc5c(N)ncnc54)C(OP(=O)(O)O)C3O)C(O)C2O)c1 => (1) CC1COCC(O)=CO1 + (1) NC(=O)C1=CN(C2OC(COP(=O)(O)OP(=O)(O)OCC3OC(n4cnc5c(N)ncnc54)C(OP(=O)(O)O)C3O)C(O)C2O)C=CC1	Rf218b5b26b0b124f0159a3ea6add09677769cecb465319f7fa646404dd0b280b	rule0107
pkr0000208		(1) cpd03091[c0] => (1) pkc0000011[c0]	(1) CC1OC(n2cnc3c(N)ncnc32)C(O)C1O => (1) CCOC1(n2cnc3c(N)ncnc32)C(O)C1O	Rf48b5a4195ad5f902e6b63eba7231ee15b81b4fdd589c00fb08623c8d2fa4aa1	rule0028_120
pkr0000209		(1) cpd02211[c0] + (1) NAD_CoF[c0] => (1) pkc0000080[c0] + (1) NADH_CoF[c0]	(1) CC(=O)C(N)C(=O)O + (1) NC(=O)c1ccc[n+](C2OC(COP(=O)(O)OP(=O)(O)OCC3OC(n4cnc5c(N)ncnc54)C(OP(=O)(O)O)C3O)C(O)C2O)c1 => (1) CC(=O)C1(N)OC1=O + (1) NC(=O)C1=CN(C2OC(COP(=O)(O)OP(=O)(O)OCC3OC(n4cnc5c(N)ncnc54)C(OP(=O)(O)O)C3O)C(O)C2O)C=CC1	Rf59087b809e97822c2270afb1553558c65817e16f78e7c2d71dc7fa776612c86	rule0107
pkr0000210		(1) cpd00911[c0] => (1) pkc0000190[c0]	(1) O=C1OC(COP(=O)(O)O)C(O)C(O)C1O => (1) O=COC1(COP(=O)(O)O)C(O)C(O)C1O	Rf5925c6f2cd499e4614d37209f235ad48f63f313470bf3d47d36df6dd6e84ba5	rule0028_120
pkr0000211		(1) cpd03091[c0] => (1) pkc0000213[c0]	(1) CC1OC(n2cnc3c(N)ncnc32)C(O)C1O => (1) CC1OC(CO)n2cnc3c(N)nc(nc32)C1O	Rf6a33376f8cf095d75ffb190bd802650ac5e2f24471a420ba1e288a5266523de	rule0028_120
pkr0000212		(1) cpd00102[c0] + (1) WATER[c0] => (1) pkc0000177[c0] + (1) pkc0000016[c0]	(1) O=CC(O)COP(=O)(O)O + (1) O => (1) O=CO + (1) O=P(O)(O)OCCO	Rfa2fdecc6a1118034cf68d8ba650477aad727b59e519cf2c1cac70b0640e94c7	rule0085_5
pkr0000213		(1) cpd00037[c0] => (1) pkc0000159[c0]	(1) O=C(O)CCCCCC(=O)O => (1) CCC(CCC(=O)O)C(=O)O	Rfa98d8a9fb72bb454187d3ae249dc546f3520e2b7a3b4cb2f542a9e90056cf78	rule0028_120
pkr0000214		(1) cpd00911[c0] => (1) pkc0000001[c0]	(1) O=C1OC(COP(=O)(O)O)C(O)C(O)C1O => (1) O=C(CO)OC1(COP(=O)(O)O)C(O)C1O	Rfabdd80a8aa9094cd145c7041a2f7af7b13b7e3486a018c4cb09f197aacb6a5e	rule0028_120
pkr0000215		(1) cpd03091[c0] => (1) pkc0000170[c0]	(1) CC1OC(n2cnc3c(N)ncnc32)C(O)C1O => (1) CCOC1C(O)C(O)c2nc(N)c3ncn1c3n2	Rfb54b22ff00c7fa9e8b29e2ad3d98c0f14ce7c724943247c58c539e300a7b493	rule0028_120
pkr0000216		(1) cpd00911[c0] => (1) pkc0000130[c0]	(1) O=C1OC(COP(=O)(O)O)C(O)C(O)C1O => (1) O=C1OC(C(O)CO)C(OP(=O)(O)O)C1O	Rfbed10faaf4b159c4cc64e3803d8cd8db60f56ada0105c79365717d0ec9a252c	rule0028_120
pkr0000217		(1) cpd00911[c0] + (1) NAD_CoF[c0] => (1) pkc0000115[c0] + (1) NADH_CoF[c0]	(1) O=C1OC(COP(=O)(O)O)C(O)C(O)C1O + (1) NC(=O)c1ccc[n+](C2OC(COP(=O)(O)OP(=O)(O)OCC3OC(n4cnc5c(N)ncnc54)C(OP(=O)(O)O)C3O)C(O)C2O)c1 => (1) O=C1OC(COP(=O)(O)O)C2(O)OC2C1O + (1) NC(=O)C1=CN(C2OC(COP(=O)(O)OP(=O)(O)OCC3OC(n4cnc5c(N)ncnc54)C(OP(=O)(O)O)C3O)C(O)C2O)C=CC1	Rfc0fdca358982ce4e9929b2919419aaaaf020041255e06e6c2a235a94ac6ea6f	rule0107
pkr0000218		(1) METHYL_DONOR_CoF[c0] + (1) cpd03091[c0] => (1) METHYL_ACCEPTOR_CoF[c0] + (1) pkc0000014[c0]	(1) CC1OC(n2cnc3c(N)ncnc32)C(O)C1O + (1) C[S+](CCC(N)C(=O)O)CC1OC(n2cnc3c(N)ncnc32)C(O)C1O => (1) COC1C(C)OC(n2cnc3c(N)ncnc32)C1O + (1) Nc1ncnc2c1ncn2C1OC(CSCCC(N)C(=O)O)C(O)C1O	Rfc87cacca969c59188625df6500b21b9d8c47db36042e6eb40872f5822362fba	rule0011_6
pkr0000219		(1) cpd00036[c0] + (1) WATER[c0] => (1) pkc0000016[c0] + (1) pkc0000021[c0]	(1) O=C(O)CCC(=O)O + (1) O => (1) O=CO + (1) O=C(O)CCO	Rfd1dc621a8c5159b37caba27ca0d77e079c75e931df144f24c6206d6ae59a8ec	rule0085_5
pkr0000220		(1) targetsingle[c0] + (1) NAD_CoF[c0] => (1) pkc0000183[c0] + (1) NADH_CoF[c0]	(1) C=C(O)COCC(C)O + (1) NC(=O)c1ccc[n+](C2OC(COP(=O)(O)OP(=O)(O)OCC3OC(n4cnc5c(N)ncnc54)C(OP(=O)(O)O)C3O)C(O)C2O)c1 => (1) CC(O)COCC1=CO1 + (1) NC(=O)C1=CN(C2OC(COP(=O)(O)OP(=O)(O)OCC3OC(n4cnc5c(N)ncnc54)C(OP(=O)(O)O)C3O)C(O)C2O)C=CC1	Rfd57c6b5680445f550934e2d066989ca85214cf381a797ec6fbbe44df1b7e429	rule0107
pkr0000221		(1) cpd00911[c0] + (1) NAD_CoF[c0] => (1) pkc0000093[c0] + (1) NADH_CoF[c0]	(1) O=C1OC(COP(=O)(O)O)C(O)C(O)C1O + (1) NC(=O)c1ccc[n+](C2OC(COP(=O)(O)OP(=O)(O)OCC3OC(n4cnc5c(N)ncnc54)C(OP(=O)(O)O)C3O)C(O)C2O)c1 => (1) O=C1OC2COP(=O)(O)OC(O)(C1O)C2O + (1) NC(=O)C1=CN(C2OC(COP(=O)(O)OP(=O)(O)OCC3OC(n4cnc5c(N)ncnc54)C(OP(=O)(O)O)C3O)C(O)C2O)C=CC1	Rfea9eac0e8db56994cc25071c56c9a330b598bd030c348821c2d0364edad7ea1	rule0107
