Starting InChIKey,Predicted InChIKey
JBHZDUFZWBLFID-UHFFFAOYSA-N,GJJOXIDJZJVXBZ-UHFFFAOYSA-N
JBHZDUFZWBLFID-UHFFFAOYSA-N,UGAHNVIDTRHGNO-UHFFFAOYSA-N
JBHZDUFZWBLFID-UHFFFAOYSA-N,OQHPRDLIYNFSDN-UHFFFAOYSA-N
JBHZDUFZWBLFID-UHFFFAOYSA-N,ZKDRILDNFHGHFS-UHFFFAOYSA-N
JBHZDUFZWBLFID-UHFFFAOYSA-N,ZQVKVUCAOQZXAY-UHFFFAOYSA-N
JBHZDUFZWBLFID-UHFFFAOYSA-N,LSQKAFLPCXSWCC-UHFFFAOYSA-N
JBHZDUFZWBLFID-UHFFFAOYSA-N,SPWHLUGPKCNVIP-UHFFFAOYSA-N
VLLFEMVDMFTBHG-UHFFFAOYSA-N,HBODDGPKGWAKIM-UHFFFAOYSA-N
VLLFEMVDMFTBHG-UHFFFAOYSA-N,JUTHRRVLZDKLIW-UHFFFAOYSA-N
VLLFEMVDMFTBHG-UHFFFAOYSA-N,XFGWSIMTGCZXCB-UHFFFAOYSA-N
VLLFEMVDMFTBHG-UHFFFAOYSA-N,GSOCVVDJSGPECA-UHFFFAOYSA-N
VLLFEMVDMFTBHG-UHFFFAOYSA-N,JBHWDFSKZLHKKG-UHFFFAOYSA-N
VLLFEMVDMFTBHG-UHFFFAOYSA-N,MZYJGEXNSHNLCY-UHFFFAOYSA-N
VLLFEMVDMFTBHG-UHFFFAOYSA-N,FQZRJAIXDZCUJW-UHFFFAOYSA-N
VLLFEMVDMFTBHG-UHFFFAOYSA-N,JKDLOMBVZPSTHX-UHFFFAOYSA-N
VLLFEMVDMFTBHG-UHFFFAOYSA-N,ZSSCMUBYLPDIGE-UHFFFAOYSA-N
VLLFEMVDMFTBHG-UHFFFAOYSA-N,YOEREVDVEFVNBN-UHFFFAOYSA-N
KVEWMYIEWUOFBI-VIFPVBQESA-N,CHWNFUGNDLVOQZ-PEHGTWAWSA-N
KVEWMYIEWUOFBI-VIFPVBQESA-N,MTJMOHIULCOSGZ-QVDQXJPCSA-N
KVEWMYIEWUOFBI-VIFPVBQESA-N,WJDBGNLJOUPUEZ-FTNKSUMCSA-N
KVEWMYIEWUOFBI-VIFPVBQESA-N,VAWBYGJDLIHTOD-JTQLQIEISA-N
KVEWMYIEWUOFBI-VIFPVBQESA-N,ZSJDWQIWNMTHQX-JTQLQIEISA-N
KVEWMYIEWUOFBI-VIFPVBQESA-N,NJRRTPVTXMNWEU-JTQLQIEISA-N
KVEWMYIEWUOFBI-VIFPVBQESA-N,SOOUVOSFVQODOH-VIFPVBQESA-N
KVEWMYIEWUOFBI-VIFPVBQESA-N,LATOXIKSWBRNIP-VIFPVBQESA-N
KVEWMYIEWUOFBI-VIFPVBQESA-N,UHCGQUIOHOIDEQ-VIFPVBQESA-N
KVEWMYIEWUOFBI-VIFPVBQESA-N,UTJXEHZSZIUNHG-VIFPVBQESA-N
KVEWMYIEWUOFBI-VIFPVBQESA-N,GTLGHKNKLRZSMO-MRVPVSSYSA-N
KVEWMYIEWUOFBI-VIFPVBQESA-N,KNNYKXAQKVTYCN-JTQLQIEISA-N
PIBJADPEZQHMQS-FVEFGIFQSA-N,AIOUVWMJOQAZQN-CITFOPHVSA-N
PIBJADPEZQHMQS-FVEFGIFQSA-N,MEVCKSPEWGQRBS-JSVGYJQLSA-N
PIBJADPEZQHMQS-FVEFGIFQSA-N,AIYLGEWLBUYEAN-FVEFGIFQSA-N
PIBJADPEZQHMQS-FVEFGIFQSA-N,BLNKKISVIIXCCM-FVEFGIFQSA-N
XOZFCTKEUWXPAF-GWMRQPHLSA-N,ZPAMVZPUSMMWKS-GWMRQPHLSA-N
XOZFCTKEUWXPAF-GWMRQPHLSA-N,VYHISUYLQPFCCN-NNHZXBFZSA-N
XOZFCTKEUWXPAF-GWMRQPHLSA-N,XFKCLOZAVAQLAG-CDJGFJIESA-N
XOZFCTKEUWXPAF-GWMRQPHLSA-N,QHMKMCQGXPWNHO-MMQKSRPCSA-N
XOZFCTKEUWXPAF-GWMRQPHLSA-N,VUZAXRFKQRHWHJ-DFIZQSQMSA-N
XOZFCTKEUWXPAF-GWMRQPHLSA-N,BKHDXBMFYPCQBA-DFIZQSQMSA-N
XOZFCTKEUWXPAF-GWMRQPHLSA-N,MRLYYLVVCOQHTK-DFIZQSQMSA-N
XOZFCTKEUWXPAF-GWMRQPHLSA-N,QMVPYHHNLGBQJC-DFIZQSQMSA-N
XOZFCTKEUWXPAF-GWMRQPHLSA-N,TWNKECYEMXFVCS-GWMRQPHLSA-N
XOZFCTKEUWXPAF-GWMRQPHLSA-N,CAMXURQKNDQFPG-GWMRQPHLSA-N
XOZFCTKEUWXPAF-GWMRQPHLSA-N,XAPPKGGZZCDIKU-GWMRQPHLSA-N
XOZFCTKEUWXPAF-GWMRQPHLSA-N,CPRUKCXRIYEJFS-GWMRQPHLSA-N
XOZFCTKEUWXPAF-GWMRQPHLSA-N,DMPLOLQNTQWWBU-FFJNGYCPSA-N
XOZFCTKEUWXPAF-GWMRQPHLSA-N,LHZPUVGUARIIFY-FFJNGYCPSA-N
GYPPDNDDXCBVDJ-UHFFFAOYSA-N,VOYOWUCJFGYUAW-UHFFFAOYSA-N
GYPPDNDDXCBVDJ-UHFFFAOYSA-N,KRTXCZGMTSPEAF-UHFFFAOYSA-N
GYPPDNDDXCBVDJ-UHFFFAOYSA-N,DKHDGQHGXDKERD-UHFFFAOYSA-N
GYPPDNDDXCBVDJ-UHFFFAOYSA-N,QADQMKDUTMXQOW-UHFFFAOYSA-N
GYPPDNDDXCBVDJ-UHFFFAOYSA-N,MXWOOMBLHWQQBO-UHFFFAOYSA-N
GYPPDNDDXCBVDJ-UHFFFAOYSA-N,UZULBFOIEGXGNE-UHFFFAOYSA-N
GYPPDNDDXCBVDJ-UHFFFAOYSA-N,BULBPYUMIOSUDV-UHFFFAOYSA-N
GYPPDNDDXCBVDJ-UHFFFAOYSA-N,POLVGTRRXRKWPM-UHFFFAOYSA-N
GEDRJURLYBVEGS-OABDCZROSA-N,XLSMFKSTNGKWQX-UHFFFAOYSA-N
GEDRJURLYBVEGS-OABDCZROSA-N,IVWHOSYSYSPKDH-YTDVASOBSA-N
GEDRJURLYBVEGS-OABDCZROSA-N,HGMJJMPFOKLVOS-OABDCZROSA-N
GEDRJURLYBVEGS-OABDCZROSA-N,LOFMXBKVGQOTQT-PTOSCBFFSA-N
GEDRJURLYBVEGS-OABDCZROSA-N,HZNBUEMKJGSDMD-CZEUWOKZSA-N
GEDRJURLYBVEGS-OABDCZROSA-N,KXMKZLFMSZVTIX-PLTBAHETSA-N
GEDRJURLYBVEGS-OABDCZROSA-N,QXAZBHNVMWEJOG-YCEBJIGRSA-N
GEDRJURLYBVEGS-OABDCZROSA-N,ATUKMYATQLCSIB-YVZDFNJFSA-N
GEDRJURLYBVEGS-OABDCZROSA-N,VEIWSEMPBLRKEW-ZODOFXTESA-N
GEDRJURLYBVEGS-OABDCZROSA-N,QIKGUWHIAZBEIP-GTYRVSOKSA-N
GEDRJURLYBVEGS-OABDCZROSA-N,VFQPXLHEKZPONE-MQTYYNOPSA-N
GEDRJURLYBVEGS-OABDCZROSA-N,WUYMQUVKZBDWMX-ROSCIQIVSA-N
GEDRJURLYBVEGS-OABDCZROSA-N,JUSGPVYTTGVQJI-LAAGEUGNSA-N
GEDRJURLYBVEGS-OABDCZROSA-N,MAYALWNYRFEQSA-XQWZEXOPSA-N
GEDRJURLYBVEGS-OABDCZROSA-N,HNZVSSKTHJHWKT-RJFBSYRKSA-N
GEDRJURLYBVEGS-OABDCZROSA-N,APCKWBUWVIWURF-YEHASFBXSA-N
GEDRJURLYBVEGS-OABDCZROSA-N,QIZVZKNUDPZIKD-UYDXHPSUSA-N
GEDRJURLYBVEGS-OABDCZROSA-N,LBRPLWWVPIVLCP-UYDXHPSUSA-N
GEDRJURLYBVEGS-OABDCZROSA-N,SPMVTMMVUDFCSP-RXDOJMEZSA-N
GEDRJURLYBVEGS-OABDCZROSA-N,LRPSXJJMOOBHJF-OABDCZROSA-N
GEDRJURLYBVEGS-OABDCZROSA-N,TUVWRUFCKOFWKC-OABDCZROSA-N
GEDRJURLYBVEGS-OABDCZROSA-N,QJJNSTZOINDYLJ-IOBFHXPUSA-N
GEDRJURLYBVEGS-OABDCZROSA-N,YTDBTPIFTKHZDP-LJBWPERZSA-N
GEDRJURLYBVEGS-OABDCZROSA-N,LGEPIFSJHQZDKU-FEZLIYIESA-N
LMJBIFCLJPOYLS-YWZLYKJASA-N,HEMZDDNSRRDBDE-XOBRGWDASA-N
LMJBIFCLJPOYLS-YWZLYKJASA-N,HGBBLBJDBNQOBC-XOBRGWDASA-N
LMJBIFCLJPOYLS-YWZLYKJASA-N,SZBBIFAMAKBCLU-UZMOSDRWSA-N
LMJBIFCLJPOYLS-YWZLYKJASA-N,MUUAWAJJXCRBGW-YNSNGZELSA-N
LMJBIFCLJPOYLS-YWZLYKJASA-N,XNXYPZWYOBUQGL-JVKDVLJSSA-N
LMJBIFCLJPOYLS-YWZLYKJASA-N,RIIGXDVUHPFIRL-WOJBJXKFSA-N
LMJBIFCLJPOYLS-YWZLYKJASA-N,GAWBCPSBBOYRPT-AQCCAAQSSA-N
LMJBIFCLJPOYLS-YWZLYKJASA-N,YCOSUPDUCZAASO-KKSFZXQISA-N
LMJBIFCLJPOYLS-YWZLYKJASA-N,DAMUDZSTLQTVRP-KKSFZXQISA-N
LMJBIFCLJPOYLS-YWZLYKJASA-N,NLSZAHLTLOJPJT-JQHMPQBSSA-N
LMJBIFCLJPOYLS-YWZLYKJASA-N,GVIIKYMFDQZWAV-YWZLYKJASA-N
LMJBIFCLJPOYLS-YWZLYKJASA-N,HHVIHVBYLWSAJG-YWZLYKJASA-N
LMJBIFCLJPOYLS-YWZLYKJASA-N,NPXZIULNRQPHPS-YWZLYKJASA-N
LMJBIFCLJPOYLS-YWZLYKJASA-N,JXPSQKOTRDBFDY-YWZLYKJASA-N
LMJBIFCLJPOYLS-YWZLYKJASA-N,JDWCNQHQLBWNON-MGPUTAFESA-N
LMJBIFCLJPOYLS-YWZLYKJASA-N,LMFPQANCZUUQKM-YUNKPMOVSA-N
LMJBIFCLJPOYLS-YWZLYKJASA-N,CQAGPYWZRCNBGZ-YWZLYKJASA-N
IMTNQTDZOGWHGC-UHFFFAOYSA-N,DKXVJNKMECRLPC-UHFFFAOYSA-N
IMTNQTDZOGWHGC-UHFFFAOYSA-N,FCMXOHGQUZZUKW-UHFFFAOYSA-N
IMTNQTDZOGWHGC-UHFFFAOYSA-N,VBTVRZBEHXHECG-UHFFFAOYSA-N
IMTNQTDZOGWHGC-UHFFFAOYSA-N,CZFAAPGDAMVKTN-UHFFFAOYSA-N
IMTNQTDZOGWHGC-UHFFFAOYSA-N,IEDNVRQHBNVYRI-UHFFFAOYSA-N
IMTNQTDZOGWHGC-UHFFFAOYSA-N,FDMRTZUPPNOZIS-UHFFFAOYSA-N
IMTNQTDZOGWHGC-UHFFFAOYSA-N,NIWFXRKHWKGFMT-UHFFFAOYSA-N
IMTNQTDZOGWHGC-UHFFFAOYSA-N,BTMGNMVXQDKXRT-UHFFFAOYSA-N
IMTNQTDZOGWHGC-UHFFFAOYSA-N,BSKUSKBTCQIFDK-UHFFFAOYSA-N
IMTNQTDZOGWHGC-UHFFFAOYSA-N,JODQQSJRDJLMPY-UHFFFAOYSA-N
IMTNQTDZOGWHGC-UHFFFAOYSA-N,XGPUQOUCZIRYEQ-UHFFFAOYSA-N
IMTNQTDZOGWHGC-UHFFFAOYSA-N,AREFKEQYSQUNOT-UHFFFAOYSA-N
IMTNQTDZOGWHGC-UHFFFAOYSA-N,WVPAMWIJDYYQSJ-UHFFFAOYSA-N
IMTNQTDZOGWHGC-UHFFFAOYSA-N,FVQLPDILVKGCJT-UHFFFAOYSA-N
IMTNQTDZOGWHGC-UHFFFAOYSA-N,DUPHKQBVFQNLQZ-UHFFFAOYSA-N
XMHBNVOKTWBGOR-VAJVCTTCSA-N,VOHMGHZTHVKJCD-KAXJWTHZSA-N
XMHBNVOKTWBGOR-VAJVCTTCSA-N,PSFSORKTNKWMQQ-KAXJWTHZSA-N
XMHBNVOKTWBGOR-VAJVCTTCSA-N,ZFQKIDNKLZWMBG-HXCCXDFNSA-N
XMHBNVOKTWBGOR-VAJVCTTCSA-N,WGVDMGBKBLOLSS-FEMQTCNNSA-N
XMHBNVOKTWBGOR-VAJVCTTCSA-N,XPUNDJIAXPMRHK-XYFQFYMESA-N
XMHBNVOKTWBGOR-VAJVCTTCSA-N,UJCRMQATEAJHHH-XYFQFYMESA-N
XMHBNVOKTWBGOR-VAJVCTTCSA-N,XSBWTJKIXQFMNR-XYFQFYMESA-N
XMHBNVOKTWBGOR-VAJVCTTCSA-N,SRRYPOUSJSCFKR-XYFQFYMESA-N
XMHBNVOKTWBGOR-VAJVCTTCSA-N,JNUZEVZAXTWDNG-XYFQFYMESA-N
XMHBNVOKTWBGOR-VAJVCTTCSA-N,UWWRHIOLIGHRRS-XYFQFYMESA-N
XMHBNVOKTWBGOR-VAJVCTTCSA-N,GYTUNFYHZSUHMH-XYFQFYMESA-N
XMHBNVOKTWBGOR-VAJVCTTCSA-N,SYGUZQWXEWZNMI-XYFQFYMESA-N
XMHBNVOKTWBGOR-VAJVCTTCSA-N,IBHGTENGUNIHGM-PGPJLCBESA-N
XMHBNVOKTWBGOR-VAJVCTTCSA-N,UHWWERNQALBSTN-WVQGRRFISA-N
XMHBNVOKTWBGOR-VAJVCTTCSA-N,QBDVYPGEZTXUFB-GKUBGEIGSA-N
XMHBNVOKTWBGOR-VAJVCTTCSA-N,UIERETOOQGIECD-ONEGZZNKSA-N
XMHBNVOKTWBGOR-VAJVCTTCSA-N,AWOKONFYZFOKQQ-CFDZFAMASA-N
XMHBNVOKTWBGOR-VAJVCTTCSA-N,CSOYUEWUTGEFCM-IDGZCSNJSA-N
XMHBNVOKTWBGOR-VAJVCTTCSA-N,QHOCNNVTMIFDFP-NOWHUZAPSA-N
XMHBNVOKTWBGOR-VAJVCTTCSA-N,SVHAZEXWWROWPL-WPHARKJTSA-N
XMHBNVOKTWBGOR-VAJVCTTCSA-N,GHYUAZZHPWEOGL-DHJWMCGBSA-N
XMHBNVOKTWBGOR-VAJVCTTCSA-N,QKJAXPKQWRCIPB-DHJWMCGBSA-N
XMHBNVOKTWBGOR-VAJVCTTCSA-N,WKXCZZWPDWMDBG-DHJWMCGBSA-N
XMHBNVOKTWBGOR-VAJVCTTCSA-N,UWDUYMGJFQBBPT-DHJWMCGBSA-N
XMHBNVOKTWBGOR-VAJVCTTCSA-N,PPMILNGVYQVIBB-DHJWMCGBSA-N
XMHBNVOKTWBGOR-VAJVCTTCSA-N,VOMLGQGRZHLMCK-DHJWMCGBSA-N
XMHBNVOKTWBGOR-VAJVCTTCSA-N,RXLLNWKYBFUVQT-DHJWMCGBSA-N
XMHBNVOKTWBGOR-VAJVCTTCSA-N,OLUUSMGFDXVWFJ-XMITVUNCSA-N
XMHBNVOKTWBGOR-VAJVCTTCSA-N,VFUHJYKAJXRKQP-JFKYGPGASA-N
XMHBNVOKTWBGOR-VAJVCTTCSA-N,JOMWFDHWOXDJML-JFKYGPGASA-N
XMHBNVOKTWBGOR-VAJVCTTCSA-N,YRIKGNUABGMSCV-OCPQVAHXSA-N
KVEWMYIEWUOFBI-VIFPVBQESA-N,KIEATOGEYUWTSR-UHFFFAOYSA-N
XMHBNVOKTWBGOR-VAJVCTTCSA-N,CONMATKEZWYBED-DYMIMBMGSA-N
XMHBNVOKTWBGOR-VAJVCTTCSA-N,FEPMHTIAPOLSBM-PZIYDZMMSA-N
XMHBNVOKTWBGOR-VAJVCTTCSA-N,BFXDJBYVDXQBRI-QBQVIKAGSA-N
XMHBNVOKTWBGOR-VAJVCTTCSA-N,XELHOCKDHQAAQS-JNTDNAPLSA-N
IMTNQTDZOGWHGC-UHFFFAOYSA-N,VGQGMXRXHBCOKM-UHFFFAOYSA-N
IMTNQTDZOGWHGC-UHFFFAOYSA-N,BYQOLLTWNANNSB-UHFFFAOYSA-N
XOZFCTKEUWXPAF-GWMRQPHLSA-N,LPCWZSZGDQMLMC-RDCRAMSYSA-N
KVEWMYIEWUOFBI-VIFPVBQESA-N,URSMXVZPBOYBFQ-UHFFFAOYSA-N
IMTNQTDZOGWHGC-UHFFFAOYSA-N,PHMUWXREOIQYRC-UHFFFAOYSA-N
XMHBNVOKTWBGOR-VAJVCTTCSA-N,JEUWQGKOCXSTMY-PZIYDZMMSA-N
IMTNQTDZOGWHGC-UHFFFAOYSA-N,TUJZJKKNQMJMJG-UHFFFAOYSA-N
XMHBNVOKTWBGOR-VAJVCTTCSA-N,XEZZLYWOAJOPJQ-PZIYDZMMSA-N
IMTNQTDZOGWHGC-UHFFFAOYSA-N,UQOQNWAITZOLJC-UHFFFAOYSA-N
XMHBNVOKTWBGOR-VAJVCTTCSA-N,GVCDMXUPTYSVMV-RWNMCTFSSA-N
IMTNQTDZOGWHGC-UHFFFAOYSA-N,VKRGDNIAKXMZED-UHFFFAOYSA-N
XMHBNVOKTWBGOR-VAJVCTTCSA-N,RLVFSATZBWAMHO-QBQVIKAGSA-N
KVEWMYIEWUOFBI-VIFPVBQESA-N,MAPKGQXPJQBMFD-UHFFFAOYSA-N
LMJBIFCLJPOYLS-YWZLYKJASA-N,LGQJDPPUHFVZAU-NCMGMYTPSA-N
GEDRJURLYBVEGS-OABDCZROSA-N,OOZMGKHWXMNSBK-COQZKDHISA-N
XMHBNVOKTWBGOR-VAJVCTTCSA-N,VMYGRWJQXMMVSR-WIUKIUBGSA-N
