CCc1c(c(nc(n1)N)N)c2ccc(c(c2)Cl)Cl	ZINC00001409
Cc1c(c(nc(n1)N)N)c2ccc(c(c2)Cl)Cl	ZINC00001723
C[NH+]1CC[C@@]23CCCC[C@H]2[C@@H]1Cc4c3cc(cc4)O	ZINC00002433
CN(c1nc(nc(n1)N2CCCC2)N3CCCC3)N	ZINC00040832
Cc1cc(c(c(c1C)C(=O)[O-])C)C	ZINC00042485
Cc1ccccc1N/N=C(/C#N)\C(=S)N	ZINC00046208
c1c2c([nH]c1/C=N/NC(=O)c3c4c([nH]n3)CCC4)CCCC2	ZINC00046618
Cc1ccc(cc1)[C@]2(C(=O)NC(=O)N2)c3ccccc3	ZINC00047506
Cc1ccc(cc1)[C@@]2(C(=O)NC(=O)N2)c3ccccc3	ZINC00047507
c1ccc2cc3c(cc2c1)C(=O)CCN3	ZINC00051426
c1ccc(cc1)c2c(nnn2c3c(non3)N)C(=O)[O-]	ZINC00052010
CC(=O)NN1[C@@H](Nc2ccccc2C1=O)c3ccc(c(c3)OC)OC	ZINC00052719
Cc1c(c2ccccc2[nH]1)/C=N/NC(=O)c3c4c([nH]n3)CCCC4	ZINC00054122
c1ccc2c(c1)c(c[nH]2)/C=N/NC(=O)c3c4c([nH]n3)CCCC4	ZINC00054128
c1c2c([nH]c1/C=N/NC(=O)c3c4c([nH]n3)CCCC4)CCCC2	ZINC00055632
c1cnccc1/C=N/NC(=O)c2c3c([nH]n2)CCCC3	ZINC00055641
c1cc(c(cc1C(=O)[O-])F)C(F)(F)F	ZINC00057042
C[NH+](Cc1ccccc1N)C2CCCCC2	ZINC00057065
CCc1c(c(nc([nH+]1)N)N)c2ccc(cc2)Cl	ZINC00057464
c1ccc(cc1)Nc2ccccc2N	ZINC00058285
COc1ccc(cc1OC)/C=N/NC(=O)c2cccc(c2)F	ZINC00058608
Cc1ccc(cn1)C(=O)N/N=C/c2cc(c(cc2Cl)OC)OC	ZINC00058693
c1c2c(c(c(c1Cl)Cl)Cl)[nH]c(=S)o2	ZINC00058795
c1cc(c(cc1Cl)C2=NO[C@](C2)(C(F)(F)F)O)O	ZINC00061012
CCOC(=O)C1=C(Nc2ncnn2[C@H]1c3cccc(c3)O)C	ZINC00065540
C[C@@]1(C2(CCCCC2)OC(=O)N1Cc3ccccn3)O	ZINC00068486
c1c(cc(c(c1/C=[NH+]/C[C@H]2CCCO2)O)Cl)Cl	ZINC00068652
COc1cccc(c1OC)/C=N/NC(=O)c2c3c([nH]n2)CCCC3	ZINC00072461
c1ccc(c(c1)/C=N/NC(=O)c2c3c([nH]n2)CCCC3)F	ZINC00072896
CSc1ccc(cc1)/C=N/NC(=O)c2c3c([nH]n2)CCCC3	ZINC00073267
c1ccc2cc3c(cc2c1)C(=O)NC3=O	ZINC00074160
CC(=O)c1ccc(c(c1)F)N2CCN(CC2)C(=O)c3ccc(cc3)F	ZINC00074639
Cn1c(=O)c-2cc3ccccc3n(c2nc1=O)c4cccc(c4)Cl	ZINC00078723
CCn1c2ccccc2nc1[C@@H](c3ccccc3OC)O	ZINC00079109
c1ccc(cc1)c2c3cc(ccc3n4c2c(nnc4)[O-])[N+](=O)[O-]	ZINC00081250
c1ccc(c(c1)[C@@H](C(=O)Nc2ccc(cc2)Cl)O)Cl	ZINC00086324
c1c(nc(nc1Cl)N2CCCC2)N3CCCC3	ZINC00087028
CC(C)Nc1nc(nc(n1)N2CCCC2)N3CCCC3	ZINC00087389
CCc1c(c2nc(c(c(n2n1)C)C)C)C	ZINC00087528
CCOC(=O)N1CCN(CC1)C(=O)c2ccc(c(c2)C)[N+](=O)[O-]	ZINC00087935
c1c(cc(c2c1[nH]cn2)Cl)C(F)(F)F	ZINC00090518
Cc1cc(c(cc1Cl)Cl)S(=O)(=O)NN	ZINC00091288
Cc1cc2nc(c(c(n2n1)c3ccco3)C#N)SC	ZINC00094788
CCOC(=O)c1c[nH+]c2c(cccc2c1NC[C@H](C)O)C	ZINC00097660
CCSc1c2c(c(sc2ncn1)C)C	ZINC00098993
COc1ccc(cc1)[C@H]2Nc3ccccc3C(=O)N2	ZINC00104010
c1cc(ccc1[C@@H]2CC2(Cl)Cl)C(=O)[O-]	ZINC00107866
c1cc(cc(c1)O)/C=N/NC(=O)c2c3c([nH]n2)CCC3	ZINC00109133
CC1(CC2=C([C@@H](n3c(ncn3)N2)c4cccc(c4)OC)C(=O)C1)C	ZINC00112851
c1ccc2c(c1)C(=O)c3ccncc3C2=O	ZINC00120276
CCN1c2ccc(c3c2c(ccc3)C1=O)O	ZINC00127447
c1ccc2c(c1)[C@@](C(=O)N2)([C@H]3CCCCCCC3=O)O	ZINC00128896
CC[C@@H](C)Nc1c2ccccc2ncn1	ZINC00132651
c1ccc(cc1)[C@H]2c3ccccc3C(=O)O2	ZINC00133390
Cc1ccsc1/C=N/NC(=O)c2c3c([nH]n2)CCCC3	ZINC00136815
CC1(CC(CC([NH+]1C)(C)C)NC(=O)c2ccc(cc2)n3cnnn3)C	ZINC00140499
Cc1ccc(cc1)c2[nH]c(=O)c3cc4cc(c(cc4nc3n2)OC)OC	ZINC00140791
COc1ccc2c(c1)O[C@@]3(C(=C2)C(=O)NC(=O)N3)O	ZINC00141521
Cc1ccc2c(c1)c(ncn2)NCC(C)C	ZINC00144184
CC1=C([C@@H](n2c(ncn2)N1)c3cccc(c3)O)C(=O)OC(C)C	ZINC00147843
C[C@@H]1c2cc(c(cc2CCN1C(=O)CCCC(=O)[O-])OC)OC	ZINC00153185
C[C@@H]1c2cc(c(cc2CCN1C(=O)CSCC(=O)[O-])OC)OC	ZINC00153191
COc1ccc(cc1)n2c(nnn2)c3cnc(nc3C(F)(F)F)N	ZINC00153784
c1cc(cc(c1)O)NC(=O)C(=C(Cl)Cl)Cl	ZINC00159307
C[NH+]1CCN(CC1)c2nc(c(nn2)c3ccccc3)c4ccccc4	ZINC00159566
CN(C)c1ccc(cc1)/C=C/c2cc[n+](cc2)Cc3ccc(cc3)F	ZINC00163222
c1ccc2c(c1)C(=O)c3ccsc3C2=O	ZINC00164027
c1ccc(cc1)[C@]2(Nc3ccccc3C(=O)N2)CO	ZINC00168806
CCNS(=O)(=O)c1cccc2c1cccc2N	ZINC00173234
Cc1ccc2c(c1)c3c([nH]2)[C@@H](CCC3)O	ZINC00178917
c1cc(ccc1/C=N/NC(=O)c2c3c([nH]n2)CCCC3)F	ZINC00179289
c1cnccc1/C=N/NC(=O)c2c3c([nH]n2)CCC3	ZINC00179334
COc1ccc(c(c1)/C=N/NC(=O)c2c3c([nH]n2)CCCC3)OC	ZINC00180129
c1c(cncc1Br)C(=O)N[C@@H](CO)C(=O)[O-]	ZINC00182876
c1cc(ccc1/C=N/NC(=O)c2c3c([nH]n2)CCCC3)O	ZINC00186403
c1cc(cc(c1)O)/C=N/NC(=O)c2c3c([nH]n2)CCCC3	ZINC00186442
COc1ccccc1/C=N/NC(=O)c2c3c([nH]n2)CCC3	ZINC00186461
CCOc1ccccc1/C=N/NC(=O)c2c3c([nH]n2)CCCC3	ZINC00186586
c1ccc(c(c1)/C=N/NC(=O)c2c3c([nH]n2)CCCC3)O	ZINC00192269
CCOC(=O)c1cc2c(n(c1=O)c3ccc(cc3)C)CCCC2=O	ZINC00198367
c1ccc(cc1)[P@](=O)(Cc2ccccc2O)O	ZINC00198854
Cc1cc2nc(c(c(n2n1)N)c3ccccc3)C	ZINC00204973
Cc1cc2nc3c(c(n2n1)C(F)(F)F)CCCC3	ZINC00208567
Cc1ccc(cc1)C2=NN(C(=O)CC2)CCC(=O)NC3CCCC3	ZINC00221036
Cc1ccccc1[C@H]2C3=C(CCCC3=O)Nc4n2nc(n4)C(=O)OC	ZINC00222799
CCOC(=O)C1=CN(C=C(C1c2cccc(c2)O)C(=O)OCC)C	ZINC00223182
Cn1cccc1CC(=O)N/N=C/c2cc(c(cc2OC)OC)OC	ZINC00230833
Cn1cccc1CC(=O)N/N=C/c2ccc(c(c2)OC)OC	ZINC00230874
C/C(=C/C(=O)[O-])/C=C/c1cccs1	ZINC00231436
Cn1c2ccccc2nc1[C@@H](c3cccc(c3)OC)O	ZINC00233904
Cc1ccc(cc1)NC(=O)[C@@H]([C@H](C(=O)Nc2ccc(cc2)C)O)O	ZINC00241106
c1ccc2c(c1)c(c(c(=O)o2)N)Nc3ccccc3C(=O)[O-]	ZINC00244312
c1ccc(cc1)COn2cccc(c2=O)C(=O)Nc3cccc(c3)F	ZINC00254142
c1ccc(cc1)COn2cccc(c2=O)C(=O)Nc3ccccc3F	ZINC00254148
C[NH+]1CCN(CC1)NC(=O)c2ccc(cc2)c3ccccc3	ZINC00259013
c1ccc(cc1)N(c2ccccc2)C3=NC(=O)CS3	ZINC00266162
Cc1nc2cc(ccc2n1c3ccc(cc3)OC)C(=O)[O-]	ZINC00266835
Cc1nc2cc(ccc2n1c3cc(c(c(c3)OC)OC)OC)C(=O)[O-]	ZINC00266878
Cc1ccc(cc1)NN2C(=O)OC([C@@]2(C)O)(C)C	ZINC00268590
c1ccc(c(c1)C(=O)[O-])NN=C(C#N)C#N	ZINC00272282
Cc1[nH]c(=O)c2cc(ccc2n1)I	ZINC00281753
CC(C)C(=O)NCCc1ccc(c(c1)OC)OC	ZINC00284706
c1ccc(cc1)C(=O)N2CCN(CC2)C(=O)c3ccc(cc3)[N+](=O)[O-]	ZINC00285062
c1cc(sc1)C(=O)N[C@@H](C(Cl)(Cl)Cl)O	ZINC00297902
CCOC(=O)c1cnc(nc1N2CCCCC2)c3ccccc3	ZINC00299967
CN(C)c1nc(c(nn1)c2ccccc2)c3ccccc3	ZINC00300148
c1cc(c(cc1[NH+]2CCCCC2)N3CCCCC3)N	ZINC00300173
c1cc(ccc1CNC(=O)c2ccc(cc2)[N+](=O)[O-])Cl	ZINC00300618
COc1ccc(cc1OC)/C=N/NC(=O)[C@@H]2C[C@@H]2c3ccccc3	ZINC00301222
CN(C1CCCCC1)C(=O)c2ccc(cc2Cl)[N+](=O)[O-]	ZINC00305099
C[NH+]1CC[C@]23C=C(C(=O)C=C2[C@H]1Cc4c3c(c(cc4)OC)O)OC	ZINC00308444
Cc1c(c2ccccc2[nH]1)c3csc(n3)N	ZINC00314072
CN(c1nc(nc(n1)N2CCCCC2)N3CCCCC3)N	ZINC00315276
Cc1cc(c2c3c(cn2n1)c(=O)n(c(=O)n3C)C)c4ccccc4	ZINC00317276
c1ccc(cc1)C(=O)c2ccc(cc2)OC(=O)N3CCOCC3	ZINC00317278
Cc1c(c(nc(n1)N2CCCCC2)N3CCCCC3)C=O	ZINC00327565
CC1=NN([C@](C1)(c2ccc(cc2)F)O)C(=O)c3ccccc3	ZINC00328023
c1cnc(nc1Cl)N2CCCCC2	ZINC00331183
c1c[nH+]c(cc1N2CCCCC2)N3CCCCC3	ZINC00331466
c1cc([nH+]c(c1)N2CCCCC2)N3CCCCC3	ZINC00331468
CC(C)CCOc1ccc(cc1)C(=O)N2CCC[C@H]2C(=O)[O-]	ZINC00331977
Cc1cc(c2c(csc2n1)N)C(F)(F)F	ZINC00335583
c1cc(ccc1/C=N/NC(=O)c2c3c([nH]n2)CCCC3)[N+](=O)[O-]	ZINC00336105
COc1ccc(cc1O)/C=N/NC(=O)c2c3c([nH]n2)CCCC3	ZINC00336117
c1ccc(cc1)SC(=O)c2ccccc2N	ZINC00336277
CCc1cccc2c1[nH]cc2C=O	ZINC00338895
Cc1ccc(cc1)C(=O)N2[C@@](CC(=N2)c3ccc(cc3)[N+](=O)[O-])(C)O	ZINC00342851
C[C@@H]1C[C@](CCC1(C)C)(C)C(=O)[O-]	ZINC00345858
C[NH+]1Cc2cccc3c2[C@@H](C1)Cc4ccccc4S3	ZINC00347774
COc1cc(c(cc1OC)OC)/C=N/NC(=O)Cc2cccs2	ZINC00350678
c1cnccc1C(=O)N2[C@](CC(=N2)C3CCCCC3)(C(F)(F)F)O	ZINC00355604
CNC(=O)c1cc2c(n(c1=O)c3ccccc3)CCCC2=O	ZINC00368768
CCOc1ccc(cc1)[C@H]2Nc3ccccc3C(=O)N2O	ZINC00374682
c1ccnc(c1)/C(=N\NC(=S)N)/c2ccc(cc2)C(F)(F)F	ZINC00378072
COc1ccc(cc1)[C@H]2Cc3ccccc3C(=O)O2	ZINC00385668
c1ccc(cc1)[C@H]2CC(=O)N2c3ccccc3	ZINC00386647
c1cc(cc(c1)Cl)N2CCN(CC2)C(=O)CCC(=O)[O-]	ZINC00386690
Cc1cccc(c1)N2CCN(CC2)C(=O)CCC(=O)[O-]	ZINC00386725
Cc1cc(c(c(c1)O)C)O	ZINC00389849
CC(=O)N1c2ccccc2[C@@]3([C@@H]1CCCC3)C	ZINC00391674
CC(C)C[C@H](c1ccccc1)C(=O)[O-]	ZINC00393308
COc1ccc(cc1)[C@@H]2CCCC[C@H]2O	ZINC00393738
COc1ccc(cc1)[C@H]2CCCC[C@@H]2O	ZINC00393739
c1ccc(cc1)[C@H]2Cc3ccccc3C(=O)O2	ZINC00397632
CCOc1cc2c(cc1OCC)[nH]c(=O)[nH]c2=O	ZINC00398524
c1ccc(cc1)C(=O)N2CCC[C@H]([C@H]2COC(=O)c3ccccc3)O	ZINC00401596
C[NH+]1CC[C@]23c4c5ccc(c4O[C@H]2[C@@H](C=C[C@H]3[C@H]1C5)O)OC	ZINC00402777
C[NH+]1CC[C@@]23c4c5ccc(c4O[C@@H]2C(=CC=C3[C@@H]1C5)OC)OC	ZINC00403600
CC1=C(C(C(=C(N1)C)C#N)c2cccc(c2)O)C#N	ZINC00408670
COc1ccc(cc1)NCc2ccccc2O	ZINC00409927
Cc1ccc(cc1)NCc2cc(=O)[nH]c3c2cccc3	ZINC00419037
c1ccnc(c1)/C=N/NC(=O)c2c3c([nH]n2)CCC3	ZINC00435382
COc1cc(ccc1O)/C=N/NC(=O)c2c3c([nH]n2)CCCC3	ZINC00435386
c1ccc(cc1)[C@H](c2ccccc2Cl)NC(=O)N	ZINC00437832
c1ccc(c(c1)C(=O)c2ccc(cc2O)O)C(=O)[O-]	ZINC00439984
Cc1c(ccc(c1O)c2c(c[nH]n2)c3cnn(c3)c4ccccc4)OC	ZINC00458873
C[C@@H]1CN(C[C@H](O1)C)C(=O)/C=C/c2ccc(cc2)[N+](=O)[O-]	ZINC00464461
Cc1cc(nc(n1)N2CCCCC2)N3CCCCC3	ZINC00470274
c1ccc2c(c1)c(c[nH]2)C[C@H]3C(=O)N(C(=O)N3)c4ccc(cc4)F	ZINC00474617
Cc1c(c(ccn1)c2ccccc2)C(=O)C	ZINC00479991
c1ccc2c(c1)c(c[nH]2)C[C@@H]3C(=O)N(C(=N3)O)c4ccc(cc4)Cl	ZINC00485519
c1ccc2c(c1)c(c[nH]2)C[C@H]3C(=O)N(C(=O)N3)c4cccc(c4)Cl	ZINC00485539
C[NH+]1CC[C@]23C=C[C@H](C[C@H]2Oc4c3c(ccc4OC)C1)O	ZINC00487871
c1ccc2c(c1)c(c[nH]2)CCN3C(=O)c4ccc(cc4C3=O)C(=O)[O-]	ZINC00488396
CN1CC(=O)N2[C@H](C1=O)Cc3c4ccccc4[nH]c3[C@@H]2c5ccccc5	ZINC00489468
Cc1cccc(c1)C(=O)N/N=C/c2ccc(c(c2)OC)OC	ZINC00493635
C1CCC2(CC1)[C@@H]3CCCC[C@@]3(N(C(=S)N2)N)O	ZINC00495214
c1ccc(cc1)c2[nH]nc(n2)c3ccc(cc3)O	ZINC00505373
Cc1c(c(nc(n1)N)Cl)Cc2ccc(cc2)OC	ZINC00506492
CC1(C[C@@]2(CCCN3[C@@H]2SCC3=O)CCS1)C	ZINC00507667
C[NH+]1CC[C@@]23c4c5ccc(c4O[C@@H]2C(=O)CC[C@@H]3[C@@H]1C5)OC	ZINC00517836
Cc1ccc(cc1)n2c3cc(ccc3cc-4c(=O)[nH]c(=O)nc24)Cl	ZINC00521146
c1cc(ccc1n2c3cc(ccc3cc-4c(=O)[nH]c(=O)nc24)Cl)F	ZINC00521574
CCOC(=O)c1cnc(nc1N2CCCC2)n3cc(cn3)C	ZINC00526730
CCOC(=O)[C@@]1(CC(=O)OC1)c2nc(cs2)N	ZINC00530430
CCOC(=O)c1cnc(nc1N2CCCCC2)n3c(cc(n3)C)C	ZINC00532032
c1ccc(cc1)C[C@H]2c3c(n[nH]c3OC(=C2C#N)N)c4cccs4	ZINC00549930
CCc1c2cc(ccc2[nH]c1C(=O)OCC)[N+](=O)[O-]	ZINC00551737
CCOc1ccc(cc1OC)/C=N/NC(=O)Cc2cccs2	ZINC00554850
Cc1ccc(cc1)C(=O)N/N=C/c2ccc(c(c2)OC)OC	ZINC00586997
COC(=O)C1=CNC=C(C1c2cccc(c2)O)C(=O)OC	ZINC00619511
c1ccc(cc1)C2CCC(CC2)[NH+]3CCC(CC3)O	ZINC00757041
Cc1ccc(cc1)NC[C@H](c2ccc(cc2)OC)O	ZINC00790529
CCNc1nc(nc(n1)N2CCCC2)N3CCCC3	ZINC00818584
CC(C)CNC(=O)c1ccccc1OC	ZINC00831987
Cc1ccc(cc1)[C@H]2N(c3ccccc3C(=O)N2C)C	ZINC00843023
CN1c2ccccc2C(=O)N([C@H]1c3ccc(cc3)F)C	ZINC00843027
Cc1c2cc(ccc2[nH]c1C=O)OC	ZINC00873712
CC(=CCc1c(c2c(=O)c(coc2c3c1OC(C=C3)(C)C)c4ccc(c(c4)O)O)O)C	ZINC00899897
c1ccc(cc1)C[n+]2ccc(cc2)c3cc[n+](cc3)Cc4ccccc4	ZINC00967524
c1ccc(cc1)C#Cc2ccccc2N	ZINC00983974
c1cc(ccc1N[C@H]2CS(=O)(=O)C[C@@H]2O)Cl	ZINC00988923
Cc1c(cccc1Cl)N[C@H]2CS(=O)(=O)C[C@@H]2O	ZINC00988927
Cc1c(c(no1)c2ccccc2)c3ccnc(n3)NC(=O)C	ZINC01031908
c1ccc(c(c1)/C=C/c2ccncc2)O	ZINC01036768
c1c(c(cc(c1Cl)Cl)Cl)S(=O)(=O)N	ZINC01048260
CC[C@@]1([C@@](N(C(=O)O1)Nc2ccccc2)(C)O)C	ZINC01064111
Cc1cccc(c1NC(=O)[C@H]2CC(=O)N(C2)Cc3ccccc3)C	ZINC01072160
C[C@H]1CC(Nc2c1cc(cc2)O)(C)C	ZINC01076000
C[C@@H]1CN(C[C@H](O1)C)C(=S)c2cc(c(c(c2)OC)O)OC	ZINC01076840
c1ccc(cc1)c2c(c(nnc2c3ccccc3)SCC(=O)N)C#N	ZINC01106203
CCc1c(c2ccccc2[nH]1)C	ZINC01226820
CC[N+]1(Cc2cc3ccccc3c(c2C1)c4ccccc4)CC	ZINC01244188
CCOC(=O)c1cnc(nc1N2CCCC2)c3ccccc3	ZINC01386415
c1cc(c2ccc3cccn3c2c1)N	ZINC01386521
CN(Cc1ccccc1)c2c(c(nc(n2)N)Cl)C=O	ZINC01387152
Cn1c(c(c(n1)Cl)Cl)Cl	ZINC01387195
COc1cc(c(cc1Cl)Cl)N	ZINC01388874
c1ccc(cc1)Cn2cccc(c2=O)C(=O)Nc3ccc(cc3)Cl	ZINC01391153
Cc1ccc(cc1)NC(=S)N[C@H](Cc2ccccc2)CO	ZINC01393003
Cc1ccc(cc1)c2ncc(c(n2)c3ccncc3)C(=O)N	ZINC01393478
Cc1cc2nc(c(c(n2n1)C)Cc3cccc(c3)F)C	ZINC01394722
Cc1cc2nc(c(c(n2n1)N)c3ccc(cc3)OC)C	ZINC01394939
C=CCn1cccc(c1=O)C(=O)Nc2ccc(cc2)F	ZINC01400202
C=CCn1cccc(c1=O)C(=O)Nc2ccc(cc2)Cl	ZINC01400204
CS(=O)(=O)c1cnc(nc1N2CCCC2)c3ccccc3	ZINC01402095
CNc1nc(c(c(n1)Cl)SC)Cl	ZINC01403289
Cc1c(c(nc(n1)C)Cl)I	ZINC01406325
c1cc2c(cc1Cl)ncnc2NCC3CC3	ZINC01406332
Cc1ccc(c2c1nc(cc2Cl)C)N	ZINC01420952
C[C@]1([C@@](N(C(=O)O1)N(C)C)(C)O)Cc2ccccc2	ZINC01422377
c1ccc(cc1)OCC(=O)N2CCN(CC2)c3nc4ccccc4o3	ZINC01424657
c1cc(cc(c1)F)C(=O)Nc2cnn(c2)CCCC(=O)[O-]	ZINC01424788
COc1ccc(cc1OC)[C@@H]2CCCC[C@H]2O	ZINC01431470
Cc1cccc(c1)C(=O)N[C@@H](C(Cl)(Cl)Cl)O	ZINC01450902
c1ccc(c(c1)C(=O)N[C@@H](C(Cl)(Cl)Cl)O)Cl	ZINC01462057
Cc1cccc2c1[nH]cc2	ZINC01494930
c1ccc(cc1)C2=C3[C@@H](Cc4c2cccc4)CNC3=O	ZINC01561630
C[NH+](C)CCCCCC[NH3+]	ZINC01562159
C[C@@H]1CCC[C@H](CC1)CCO	ZINC01562261
c1cc(ccc1n2cnc3c2[nH]c(=O)[nH]c3=O)Cl	ZINC01562344
C[C@@]12C[C@@H](Cc3c1cc(cc3)O)C[NH+](C2)C	ZINC01566231
c1c(c(cc(c1Cl)Cl)Cl)S(=O)(=O)NN	ZINC01569058
COP(=S)(OC)Oc1ccc(cc1)S(=O)(=O)N	ZINC01569224
CCc1c(c(nc(n1)N)N)c2ccc(c(c2)N)Cl	ZINC01572284
CCc1c(c(nc(n1)N)N)c2ccc(c(c2)NC(=O)C)Cl	ZINC01572285
c1ccc(cc1)[C@@H]2CCCC[C@H]2O	ZINC01577064
c1ccc(cc1)[C@H]2CCCC[C@@H]2O	ZINC01577065
c1ccc(cc1)[C@@H]2CCCC[C@@H]2O	ZINC01577066
C[NH+](C)CCN(CC[NH+](C)C)C=O	ZINC01577507
Cc1cccc2c1c[n+]3ccccc3c2c4ccccc4	ZINC01578104
c1cc2c3c(c1)C(=O)[C@H]4[C@]3(CCCC2)C(=O)NC4=O	ZINC01580458
Cc1cccc2c1[nH]c(c2)C	ZINC01580838
Cc1ccc2c(c1)c(c3c(n2)[nH]c(=O)[nH]c3=O)C(=O)N	ZINC01580881
C[C@@H]1c2ccccc2C3=C1CC[NH+](C3)C	ZINC01584465
CCc1c(c(nc(n1)N)N)c2ccc(c(c2)N)OC	ZINC01588897
C[C@@H](CCC(=O)[O-])C1CCCC1	ZINC01589731
c1ccc(cc1)C(=O)CCCCCC(=O)[O-]	ZINC01594493
CC[C@]12CC(=O)CC[C@@H]1CCc3c2c(c(cc3)OC)OC	ZINC01595201
c1ccc(cc1)[C@@H](CNc2cccc(c2)Cl)O	ZINC01602637
C[NH+]1CC[C@@H](C1)c2cccc(c2)OC	ZINC01605940
COc1ccccc1[C@@]2(CCCC[C@H]2Cl)O	ZINC01615127
CCCc1c(cccc1O)O	ZINC01615703
C[NH+]1CC[C@@]23[C@@H]1Cc4ccc(c(c4C2=CC(=O)CC3)O)OC	ZINC01622457
c1c(cc(c(c1Cl)OC[C@H](CO)O)Cl)Cl	ZINC01624894
c1ccc(c(c1)C[NH2+]Cc2ccccc2O)O	ZINC01628259
Cc1nc(c(c(n1)Cl)Cl)Cl	ZINC01633981
Cc1c(c(nc(n1)Cl)Cl)Cl	ZINC01633982
Cc1c(c(nc(n1)SC)Cl)Br	ZINC01637881
c1c(c(nc(n1)Cl)Cl)I	ZINC01637916
COc1ccccc1CC(=O)C(C(F)(F)F)(C(F)(F)F)O	ZINC01639218
c1ccc(cc1)N2C3=C(CC4=C2CCCC4=O)C(=O)CCC3	ZINC01640468
c1ccc(cc1)C[C@H]2CCCC[C@@H]2O	ZINC01640897
C[NH2+]CCCCC[NH2+]C	ZINC01640921
c1ccc(cc1)C[C@@]23CCCC[C@@H]2O3	ZINC01646265
c1cc2ccc(c3c2c(c1)CC3)NC(=O)CSCC(=O)[O-]	ZINC01648047
CCOC(=O)Nc1cc(ccc1O)Cl	ZINC01655941
C[NH+](C)Cc1cccc2c1cccc2	ZINC01662344
CCOC(c1c(c(nc(n1)N)N)c2ccc(cc2)Cl)OCC	ZINC01668015
Cc1ccc(c(c1)CC[C@H](CCl)O)C	ZINC01669858
c1cc2ccc(c3c2c(c1)C=CC3=O)O	ZINC01670914
c1c(c(nc(n1)Cl)Cl)Cl	ZINC01672144
Cc1nc(c(c(n1)Cl)CBr)Cl	ZINC01672145
CCc1cnc(c(n1)Cl)CC	ZINC01672296
CC[C@@H]([N+](=O)[O-])P(=O)(OCC)OCC	ZINC01676192
C1C[NH+]1CCS(=O)(=O)CC[NH+]2CC2	ZINC01677195
C[NH+](C)CCC(=O)OCC[N+](C)(C)C	ZINC01677408
c1cnc(nc1N2CCOCC2)N3CCOCC3	ZINC01677603
c1cnc(nc1N2CCCCC2)N3CCCCC3	ZINC01677613
C[N+](C)(C)CCCCC[N+](C)(C)C	ZINC01683094
c1ccc(c(c1)C(=O)c2cccc(c2N)Cl)C(=O)[O-]	ZINC01683101
c1ccc(cc1)C(=O)NCCCCC(C(=O)[O-])(Cl)Cl	ZINC01683178
COc1cccc(c1O)CNc2ccccc2	ZINC01683255
c1ccc(cc1)[C@H](C2=CC(=O)c3ccccc3C2=O)O	ZINC01689041
CCc1cc(nc(n1)Cl)Cl	ZINC01689136
CCCc1cc(nc(n1)Cl)Cl	ZINC01689137
CC(C)c1cc(nc(n1)Cl)Cl	ZINC01689138
CC[NH+](CC)CCCC#CC[NH+]1CCCCC1	ZINC01689789
CS(=O)(=O)OCCCCCF	ZINC01692386
COc1ccc2c(c1)C(=O)[C@@H]3[C@@](N2)(C(=O)NC(=O)N3)Br	ZINC01694018
C[C@H]1c2c(c(ncn2)N)CN1C(=O)c3ccccc3	ZINC01698239
COc1ccc(cc1)NC(=O)[C@H](c2ccccc2)O	ZINC01700031
CO[C@H]1CC=C2CC[NH+]3[C@]2(C1)C4=C(CC3)COC(=O)C4	ZINC01700279
c1ccc2c(c1)cc-3c(=O)[nH]c(=O)nc3n2CCO	ZINC01703515
CCO[C@H](c1ccccc1)C(=O)OCC	ZINC01707352
COc1ccccc1/C=N/N=C/c2ccccc2O	ZINC01709464
CC1=CC[C@H](C1(C)C)CC(OC)OC	ZINC01710046
c1ccc(cc1)C(C2CCCCC2)(C3CCCCC3)O	ZINC01710992
c1ccc(cc1)S[C@H]2CCCC[C@@H]2O	ZINC01715810
COC(=O)[C@](c1ccccc1)([C@H](c2ccccc2)O)O	ZINC01717751
c1ccc2c(c1)nc-3c(=O)[nH]c(=O)nc3n2CCOC(=O)CCl	ZINC01718072
C[C@@]1(C2(CCCCC2)C(=O)N[C@]13CCCC=C3)O	ZINC01723038
CC[NH2+]CCC[NH2+]CC	ZINC01723260
c1cc(cc(c1)N2CCCC2)N3CCCC3	ZINC01728154
[H]/N=C(\[C@H](C#N)C(=O)OCC)/C(Cl)(Cl)Cl	ZINC01737769
c1cc(sc1)C2(C(=NC(=O)N2)[O-])c3cccs3	ZINC01743197
c1c2c(nc(n2c(cn1)Cl)Cl)Cl	ZINC01743326
c1ccc(cc1)C[C@@H]2CCCCC2=O	ZINC01744394
c1cc(c(c(c1)Cl)Cl)Nc2cc(=O)[nH]c(=O)[nH]2	ZINC01746048
c1ccc(cc1)C(=C2NC(=O)C(=O)O2)c3ccccc3	ZINC01751863
c1ccc(cc1)[C@@H]2CCC[C@H]2O	ZINC01765796
C[C@H](C(=O)NCCC(=O)[O-])Oc1cccc(c1)Br	ZINC01787360
C[C@@H](C(=O)NCC(=O)[O-])SC(=O)c1cccs1	ZINC01846079
CCNS(=O)(=O)c1ccc(c(c1)Cl)Cl	ZINC01865424
c1ccc2c(c1)c3ccccc3[nH]2	ZINC01866749
COCCC/N=C\1/C(C(=O)N[C@H](S1)c2cccc(c2)[N+](=O)[O-])C#N	ZINC01872262
c1cc[n+](cc1)[C@H](CO)[C@@H](CO)I	ZINC01873441
Cc1c(sc2c1c(ncn2)NCC(C)C)C	ZINC01972870
c1cc(c2c3c1C[C@@H]4[C@H]5[C@]3(CC[NH+]4Cc6ccoc6)[C@@H](O2)CCC5)O	ZINC02004262
c1cc(sc1)[C@@H](CC(C(F)(F)F)(C(F)(F)F)O)O	ZINC02009495
CC[C@@H](C1CCCCC1)C(=O)[O-]	ZINC02036274
c1ccc(cc1)[C@H]2c3ccccc3OC2=O	ZINC02042129
CC1=CC[C@H](C1(C)C)CC(=O)[O-]	ZINC02045475
c1ccc(cc1)[C@@]2(C(=O)NC(=O)N2)c3ccc(cc3)Cl	ZINC02048546
c1cc2c(cc1Br)c(nc(n2)Cl)N	ZINC02075095
c1(c(non1)N)C2=NOC(=NO2)c3c(non3)N	ZINC02075448
Cc1cc2c(c(c(c(=O)o2)C)C)c(c1)O[C@H](C)C(=O)NCCC(=O)[O-]	ZINC02096593
Cc1c(c(=O)oc2c1ccc(c2C)O[C@H](C)C(=O)NCCC(=O)[O-])C	ZINC02097134
CC[NH+](CC)CCCC[NH3+]	ZINC02146716
CC[C@@H](CO)NC(=O)OCC	ZINC02159801
c1cc2ccc(c3c2c(c1)CC3)N	ZINC02168057
CCOc1ccc(cc1)[C@H]2c3c(=O)c4ccccc4oc3C(=O)N2C	ZINC02238955
Cc1cccc(c1)N[C@H]2C(=O)N(C(=O)S2)CCC(=O)[O-]	ZINC02318582
c1cc2c(c3c1nc(c(n3)Cl)Cl)nsn2	ZINC02365627
c1cc(c(cc1C(F)(F)F)CC(=O)[O-])Cl	ZINC02382128
c1ccc(c(c1)C(=O)[O-])NC=C2CCCCC2=O	ZINC02395731
Cc1ccc(cc1)CNC(=O)N[C@@H](Cc2ccccc2)C(=O)OC	ZINC02407651
CC[C@@H](C=O)P(=O)(OCC)OCC	ZINC02440825
C[NH+](C)CCCN=c1c2ccccc2oc(c1N)O	ZINC02470286
Cc1ccc(cc1)[C@H](c2ccccc2C)NC(=O)N	ZINC02472312
c1ccc(cc1)C2(C(=O)NC(=O)N2)c3ccccc3	ZINC02510358
CCc1cccc2c1[nH]cc2	ZINC02516806
c1ccc2c(c1)c(c[nH]2)CCNC(=O)CCC(=O)[O-]	ZINC02557704
CC(=O)Cc1ccc(c(c1)Cl)Cl	ZINC02558079
c1nc(c(c(n1)Cl)Br)Cl	ZINC02558608
CC(C)[NH+](CCCCC[NH3+])C(C)C	ZINC02563372
Cc1c(c(nc(n1)N)C(F)(F)F)Br	ZINC02565661
C[NH2+]CCCCCC[NH2+]C	ZINC02567990
c1cc(c(c(c1)Cl)CCO)Cl	ZINC02570138
Cc1cccc(c1Cl)C(=O)[O-]	ZINC02571853
CC(C)[NH2+]CCCCC[NH3+]	ZINC02572251
c1ccc2c(c1)n3c(s2)nnc3SCC(=O)NCC(F)(F)F	ZINC02643380
Cc1ccc(cc1C(=O)[O-])S(=O)(=O)N(C)Cc2ccccc2	ZINC02685033
c1ccc(cc1)/C=N/NC(=O)c2c3c([nH]n2)CCCC3	ZINC02685796
CC(C)C[C@@H](C(=O)OC)NC(=O)C(Cl)(Cl)Cl	ZINC02739631
Cc1cc2nc(cc(n2n1)C(F)F)C(F)F	ZINC02744073
CCOC(=O)[C@](CC(=O)Nc1cccc(c1C)C)(C(F)(F)F)O	ZINC02770044
COc1cc(c(cc1OC)OC)/C=N/NC(=O)C2CC2	ZINC02780124
CO[C@H](CC(=O)OC)C(=O)OC	ZINC02835847
c1cc(cc(c1)Br)/C=C/2\C(=O)NC(=O)N=C2[O-]	ZINC02842688
c1cc(sc1)c2c(nnn2c3c(non3)N)C(=O)[O-]	ZINC02847150
C=CCn1c(nnc1SCc2[nH]c3ccccc3n2)c4ccco4	ZINC02860901
CCCCNc1c2cc(sc2ncn1)C	ZINC02927752
c1cc2c(cc1Cl)C=C3C(=O)NC(=O)N[C@@]3(O2)O	ZINC03013275
CCOC(=O)[C@@H]([C@H](c1ccc(cc1)N)O)NC(=O)C	ZINC03040526
CC(C)(C)NC(=O)C(=O)N/N=C/c1ccc(c(c1)OC)OC	ZINC03057914
CCN(CC)C(=O)C(=O)N/N=C/c1ccc(c(c1)OC)OC	ZINC03058094
Cc1c(cco1)COC(=O)c2ccc(cc2)[N+](=O)[O-]	ZINC03091240
c1ccc(cc1)C[C@H]2CCCC2=O	ZINC03124980
c1ccc(cc1)c2c(c(nnc2c3ccccc3)NCCO)C#N	ZINC03126171
CC(=O)N1C[C@H]2[C@@H](c3ccccc3C=C2C(=O)C1)c4ccccc4	ZINC03131412
CCOC(=O)[C@@](C(F)(F)F)(NC(=O)c1ccccc1)O	ZINC03138016
Cc1c(c2nc(c3ccccc3n2n1)Cl)C=O	ZINC03163860
Cc1ccc(cc1)C(=O)C[n+]2ccc(cc2)Cc3ccccc3	ZINC03176776
c1c(c2c(c(c1Cl)Cl)C(=O)C(=O)N2)Cl	ZINC03180608
COc1ccccc1NC[C@H](COc2ccccc2)O	ZINC03194940
c1ccc2c(c1)c(c[nH]2)/C=N/NC(=O)c3c4c([nH]n3)CCC4	ZINC03209151
Cc1ccc(cc1)C2(C(=O)NC(=O)N2)c3ccc(cc3)C	ZINC03222749
c1cc(ccc1/C=C/C(=O)OC/C=C/Cl)[N+](=O)[O-]	ZINC03252794
C[C@@]1(CC1(Cl)Cl)C(=O)NC(=S)N(CCO)c2ccccc2	ZINC03262894
c1ccc2c(c1)c(n(c(=S)n2)Cc3ccc(cc3)Cl)[O-]	ZINC03273208
c1ccc2c(c1)c(nc(n2)Cl)NC3CC3	ZINC03304614
c1ccc(cc1)CN(CCO)C(=S)NC(=O)C2CC2	ZINC03307107
Cc1c(cc(cc1CCl)C(=O)[O-])CCl	ZINC03313212
CCNc1c2c3c(sc2nc(n1)C)CCCC3	ZINC03320009
c1cnc(nc1)SCC(=O)N2CCCCCC2	ZINC03320544
c1ccc2c(c1)n3c(s2)nnc3SCC(=O)NC4CCCC4	ZINC03332188
CC(C)(C)C(=O)COC(=O)c1ccc(c(c1)OC)OC	ZINC03342051
c1ccc(cc1)CN2C(=O)C(=O)N(C2=O)CC(=O)N3CCOCC3	ZINC03359532
Cc1cc(c(n1Cc2ccccc2)C)C(=O)C[n+]3ccc(cc3)N(C)C	ZINC03423395
CCc1cccc2c1[nH]cc2/C=N/OCC	ZINC03434615
CCOc1ccc(cc1OC)/C=N/NC(=O)Cc2ccccc2	ZINC03506116
C=CCn1c(nnc1SCC(=O)NC2CC2)c3ccccc3	ZINC03563045
c1c(cc2c3c1CCCN3CCC2)O	ZINC03593534
C[NH+]1CCC[C@]2(C1)CCCc3c2cccc3	ZINC03593769
c1cc2c(cc1C(F)(F)F)nc3c(n2)nc(nc3[O-])[O-]	ZINC03634637
c1ccc(cc1)n2c3cc(ccc3nc-4ccc(=O)cc24)N	ZINC03848524
c1ccc2c(c1)C(=O)c3cccc(c3C2=O)N	ZINC03850741
c1ccc2c(c1)C(=O)c3ccc(cc3C2=O)CO	ZINC03861620
c1ccc2c(c1)C(=O)c3ccc(cc3C2=O)N	ZINC03874029
c1ccc2c(c1)C(=O)c3cccc(c3C2=O)O	ZINC03875850
COc1ccc2c3c1CCCN3CCC2	ZINC03877943
CC[C@H](CC[C@@]1(CCC(=C[C@@H]1C)C)C)O	ZINC03882000
c1ccc(cc1)Nc2ccc(cc2N)[N+](=O)[O-]	ZINC03886933
c1cc(ccc1Nc2ccc(cc2N)[N+](=O)[O-])F	ZINC03887436
c1c(cc(c2c1[nH]c(=S)[nH]2)Cl)Cl	ZINC03887547
Cc1c(n(c2c1c(ncn2)N)c3ccc(cc3)Cl)C	ZINC03888794
c1ccc(c(c1)N)SCc2ccsc2	ZINC03888966
c1ccc2c(c1)C(=O)c3ccc(cc3C2=O)F	ZINC03896048
c1ccc2c(c1)C(=O)c3ccc(cc3C2=O)O	ZINC03896782
Cc1c(cccc1Cl)NC(=O)[C@H](c2ccccc2)O	ZINC04020029
CCCC[N+]1(CC[C@@]23C=C[C@@H](C[C@@H]2Oc4c3c(ccc4OC)C1)O)C	ZINC04026621
COc1cnc(nc1N2CCCC2)c3ccccc3	ZINC04060816
COc1cnc(nc1N2CCCCC2)c3ccccc3	ZINC04060817
COc1ccc(cc1)NC(=O)c2ccc(s2)[N+](=O)[O-]	ZINC04069859
Cc1ccc(cc1)N([C@@H]2CS(=O)(=O)C=C2)C(=O)c3ccncc3	ZINC04071096
C[C@]12CCC(=O)C=C1C=C[C@@H]3[C@H]2CC[C@]4([C@H]3CC[C@@]45CCC(=O)O5)C	ZINC04073909
c1ccc2c(c1)C[C@H]3C(=O)N(C(=O)N3C2)c4ccc5c(c4)OCCO5	ZINC04081983
c1ccc2c(c1)C(=O)c3ccc(cc3C2=O)C=O	ZINC04088117
COc1ccc(cc1)C(=O)C[C@@](C(=O)OC)(C(F)(F)F)O	ZINC04099252
C[n+]1ccccc1/C=C/c2cc(ccc2O)Br	ZINC04134394
C[C@H]1C[C@H]2CC(=O)[C@H]3CCC[NH+]4[C@]3(C1)[C@@H]2CCC4	ZINC04166548
c1ccc(c(c1)NC(=O)c2ccc(s2)[N+](=O)[O-])SCCC#N	ZINC04176923
COc1cccc(c1)[C@H]2C3=C(CCCC3=O)Nc4n2ncn4	ZINC04180784
CC(C)(C#Cc1ccc(s1)C(=O)N2CCC[C@H]2C(=O)[O-])O	ZINC04196124
CCOC(=O)N[C@@]1(/C(=C(/[O-])\OC)/C(=NC1=O)C)C(F)(F)F	ZINC04196396
c1ccc(cc1)n2cc(c(n2)c3ccc(cc3)F)C[NH3+]	ZINC04218572
COc1ccc(cc1OC)C(=O)NNC(=O)CCl	ZINC04218988
COC(=O)c1cc2c3ccccc3c(cc2[nH]1)F	ZINC04237889
C/C=N/NC(=O)c1cc(ccc1O)Br	ZINC04263292
c1cc(ccc1c2c(nnn2c3c(non3)N)C(=O)[O-])F	ZINC04281560
CC1(CC1)c2ccc(cc2)C(=O)[O-]	ZINC04298600
[H]/N=C(\c1c(cccc1Cl)Cl)/[C@H](C#N)C(=O)C	ZINC04301575
c1cc(oc1)/C=N/NC(=O)c2c3c([nH]n2)CCCC3	ZINC04312213
Cc1ccc(cc1)NC[C@H](COc2ccc(cc2)OC)O	ZINC04331436
Cc1ccc2c(c1)C(=O)c3cc(ccc3C2=O)N	ZINC04360390
CN(C)c1ccc2c(c1)[n+](c3cc(ccc3n2)N)c4ccccc4	ZINC04366006
Cc1ccccc1[n+]2c3cc(c(cc3nc4c2cc(c(c4)C)N)C)N	ZINC04366134
CCOC(=O)CNc1ccccc1[N+](=O)[O-]	ZINC04366461
Cn1c2c(cn1)c(nc(n2)N3CCCC3)NC4CCCCC4	ZINC04374916
Cn1c2c(cn1)c(nc(n2)N3CCCC3)N4CCCCC4	ZINC04375012
C[C@@H]([C@H](c1ccccc1)O)/N=C/c2ccccc2	ZINC04419464
c1cc(ccc1/C=N/NC(=O)c2c3c([nH]n2)CCC3)F	ZINC04427624
Cc1cc(c2c3c(c(=O)[nH]c(n3)[O-])sc2n1)C(F)(F)F	ZINC04451200
Cc1c2c(n[nH]1)OC(=C([C@@]23C[C@@H]([NH+](C[C@@H]3C)C)C)C#N)N	ZINC04453439
[H]/N=C/1\C(=O)N(C(=O)N1c2ccc(cc2)C(=O)OCC)c3ccccc3	ZINC04476977
Cc1nc2n(n1)[C@@H](C3=C(N2)C[C@H](CC3=O)C)c4cc(cc(c4)F)F	ZINC04488253
C[NH+]1Cc2c3ccccc3ccc2OC1	ZINC04502525
COc1cc(cc(c1OC)OC)C2=N/C(=C\c3cccs3)/C(=O)O2	ZINC04507616
c1ccc(cc1)n2c3ccccc3c(=O)c4c2cccc4	ZINC04522397
c1c(c2c(c(c1Cl)Cl)[nH]c(=O)o2)Cl	ZINC04536395
CCCc1cc(c(cc1O)O)c2c(c[nH]n2)c3ccc(o3)C(=O)NN	ZINC04555680
Cc1ccc(cc1)N2C[C@@H](CC2=O)C(=O)Oc3ccc(cc3)C	ZINC04571980
CCN1C(=O)/C(=C\c2ccc(cc2)[N+](=O)[O-])/SC1=S	ZINC04579056
CCCCN1C(=O)/C(=C\c2ccc(cc2)[N+](=O)[O-])/SC1=S	ZINC04579126
COc1cc(cc(c1OC)OC)C2=N/C(=C\c3cccnc3)/C(=O)O2	ZINC04588166
CCOC(=O)c1cnc(nc1N2CCCCC2)SC	ZINC04595763
CC[N+]1(Cc2c(c(c3ccccc3c2c4ccccc4)Cl)C1)CC	ZINC04610678
c1ccc(cc1)/C=N/N=C/2\NC(=O)[C@H](S2)CC(=O)[O-]	ZINC04610887
CCOC(=O)O[C@H]1CCC[C@H](C1)OC(=O)O	ZINC04620608
c1ccc(cc1)c2[nH]c(c(n2)c3ccccn3)c4ccccn4	ZINC04622505
C[C@H]1CCc2c(sc3c2c(=O)[nH]c(=S)[nH]3)C1	ZINC04626240
C1CCCc2c(c3c(=O)[nH]c(=S)[nH]c3s2)CC1	ZINC04626243
COc1ccccc1SCc2cc(=O)[nH]c3c2cccc3	ZINC04626506
Cc1c2c(n[nH]1)OC(=C([C@]23CC[NH+](C[C@H]3C)C)C#N)N	ZINC04631579
c1cc2c(cc1C(=O)[O-])ncn2C3CCCCC3	ZINC04638824
Cc1c(c(n[nH]1)c2ccc(cc2O)O)c3ccc(cc3)OC	ZINC04641406
CCOc1ccc(cc1)/C=C\C(=O)Nc2nc(cs2)C	ZINC04646399
c1ccc(cc1)C(=O)O[C@@H]2CCCC[C@H]2O	ZINC04648755
c1c(cc(c(c1C(=O)[O-])F)Cl)Cl	ZINC04648800
Cc1cc(c(n1c2ccncc2)C)/C=C(\C#N)/c3ccccc3	ZINC04688380
COc1cc(cc(c1OC)OC)C2=N/C(=C\c3ccccc3)/C(=O)O2	ZINC04692925
Cc1c(c(nc(n1)N2CCCCC2)N3CCCCC3)[N+](=O)[O-]	ZINC04705780
Cc1ccc(c(c1)C)Nc2c(c(nc(n2)N)N)N=O	ZINC04707313
CS(=O)(=O)N(CC(=O)[O-])c1ccc(cc1)OCc2ccccc2	ZINC04741108
c1cc2c(c(c1)NC(=O)c3ccc(cc3Cl)[N+](=O)[O-])nsn2	ZINC04742603
CC(=O)N1CC[C@]23c4cccc(c4N=C2CCC[C@H]3C1)OC	ZINC04744175
C[C@H](CC[C@@H]1CCC=CC1)O	ZINC04748363
c1ccc2c(c1)C(=O)c3ccc(cc3C2=O)NC=O	ZINC04748410
c1ccc(cc1)[C@@]2(C(=O)NC(=O)N2)C3=CCCCC3	ZINC04748489
COC(=O)c1cc(=O)[nH]c2c1cc(cc2)Br	ZINC04754391
C[C@H]1C[C@]([C@@H](C[NH+]1C)C)(CC#N)c2ccccc2	ZINC04763958
C[C@]1(C2(CCCCC2)OC(=O)N1Nc3ccc(cc3)F)O	ZINC04779402
CC[n+]1c(ccc2c1cccc2)/C=C/c3ccccc3O	ZINC04792462
c1ccc(cc1)N2C(=O)C[C@@H](C2=O)Sc3ccc(cc3)[N+](=O)[O-]	ZINC04795898
c1ccc2c(c1)C(=O)c3cc(c(cc3C2=O)N)N	ZINC04824633
C[C@H]1CCCC([C@]1(C#C[C@@H](C)O)O)(C)C	ZINC04829851
c1ccc(cc1)[C@@H]2OC[C@@H]3[C@@H](O2)[C@@H]([C@@H](CO3)O)O	ZINC04831504
COc1cccc(c1)C(=O)Nc2ccc(cc2O)[N+](=O)[O-]	ZINC04833129
c1ccc2c(c1)c(c(c(=O)o2)[N+](=O)[O-])Nc3ccccc3N	ZINC04859528
CCOC(=O)CN1C(=S)NC(C[C@@]1(C)O)(C)C	ZINC04863124
c1ccc(cc1)C2=NN([C@](C2)(C(F)(F)F)O)C(=O)c3cccs3	ZINC04866196
CC1=NN([C@](C1)(c2ccccc2)O)C(=O)c3cccs3	ZINC04867578
c1ccc2c(c1)C(=O)c3ccc(cc3C2=O)NCCO	ZINC04891102
CC[C@@H](C)OC(=O)[C@H](C)OC(=O)[C@@H](C)O	ZINC04896295
c1cc(ccc1CC(=O)[O-])NC(=O)Cc2ccc(cc2)Cl	ZINC04913274
COc1ccccc1C2(CCCCC2)O	ZINC04918167
c1cc(c(nc1)Cl)NC(=O)Nc2ccc(cc2)[N+](=O)[O-]	ZINC04927497
c1ccc(cc1)Cn2cccc(c2=O)C(=O)Nc3ccccc3Cl	ZINC04940217
c1ccc(cc1)Cn2cccc(c2=O)C(=O)Nc3cc(ccc3F)F	ZINC04940272
Cc1ccc(cc1)Cn2cccc(c2=O)C(=O)Nc3ccccc3	ZINC04940362
Cc1ccc(cc1)Cn2cccc(c2=O)C(=O)Nc3ccccc3F	ZINC04940369
c1cc(ccc1C(=O)NC[C@@H]2COC3(O2)CCCCC3)[N+](=O)[O-]	ZINC04941201
c1ccc(cc1)N(c2ccccc2)c3[nH]c(=O)[nH]c(=O)[nH+]3	ZINC04946864
CCOC(=O)C1=C(O[C@]2([C@@]1(C(=O)c3c2cccc3)O)O)C(F)(F)F	ZINC04949688
Cc1ccc2c(c1)[C@@H]([C@H]3COC(=O)[C@@H]3O2)c4ccccc4	ZINC04962723
C1CCC2(CC1)[C@@H](C3(CCCCC3)NC2=O)O	ZINC04983843
CC1=NN([C@](C1)(C)O)C(=O)c2ccc(cc2)Cl	ZINC04985087
CCCSc1c(c2c(s1)c([nH]c(=O)n2)[O-])C#N	ZINC04987648
c1ccc(c(c1)/C=C/C[NH+]2CCC(CC2)O)[N+](=O)[O-]	ZINC04988240
c1cc(sc1)[C@@]2(C(=O)NC(=O)N2)c3ccsc3	ZINC04991189
c1ccc(cc1)[C@@]2(C(=O)NC(=O)N2)c3ccsc3	ZINC04991217
CCOC[C@@H](CNc1ccccc1)O	ZINC04992651
Cc1cc2c(ncnc2s1)NC3CCCC3	ZINC05001017
Cc1ccc(cc1)N2C(=O)C[C@H](C2=O)NNc3ccc(cc3)[N+](=O)[O-]	ZINC05013158
C1CCC/C(=C\CC1)/C(=O)[O-]	ZINC05029928
c1ccc2c(c1)[C@]34CC[NH+]5[C@@H]3C[C@@H]6[C@@H](C5)CCO[C@@H]7[C@@H]6[C@@H]4N2C(=O)C7	ZINC05049463
c1ccc(cc1)CC(=O)Nc2ccc(cc2O)[N+](=O)[O-]	ZINC05049597
c1cc(c(cc1Cl)C(F)(F)F)S(=O)(=O)N	ZINC05120095
Cc1c(n(c(n1)SCC(=O)NC(C)(C)C)CC(C)C)C	ZINC05152004
COC(=O)[C@@H]1[C@@]([C@@H]2CCCCN2O1)(C(F)(F)F)O	ZINC05209705
c1ccc(cc1)C(c2ccccc2)[C@H]3CC(=O)OC3	ZINC05218034
CCN(Cc1cc(=O)[nH]c2c1cccc2)C(=O)C(C)C	ZINC05219192
C[NH+]1CC[C@]23CC(=O)C(=C[C@H]2[C@H]1Cc4c3c(c(cc4)OC)O)OC	ZINC05223924
c1ccc2c(c1)C(=O)c3cc(c(cc3C2=O)O)N	ZINC05224786
CCn1c(=O)c2cc3ccccc3cc2[nH]c1=S	ZINC05266909
c1cc(cc(c1)F)Cn2cccc(c2=O)C(=O)Nc3ccc(cc3)F	ZINC05268744
Cc1ccc(cc1)Cn2cccc(c2=O)C(=O)Nc3ccc(cc3)F	ZINC05270155
c1ccc(cc1)C[C@@H](C(=O)[O-])NC(=O)[C@@H](Cc2ccc(cc2)O)[NH3+]	ZINC05273977
C[C@@H](C(=O)[O-])NC(=O)N1CCC(CC1)Cc2ccccc2	ZINC05277622
c1ccc2c(c1)[nH]c(n2)C3(CCCCC3)O	ZINC05286502
c1cc(ccc1/C=N/NC(=O)c2c3c([nH]n2)CCC3)Cl	ZINC05295363
c1ccc(c(c1)/C=N/NC(=O)c2c3c([nH]n2)CCC3)Cl	ZINC05295368
c1cc(ccc1/C=N/NC(=O)c2c3c([nH]n2)CCC3)Br	ZINC05297481
CCC[C@@](C)(CNc1ccccc1)O	ZINC05310967
c1cc2c(cc(c(c2nc1)Cl)Cl)N	ZINC05331442
c1ccc(cc1)N2CCN(CC2)C(=O)[C@@H]3C[C@H]3C(=O)[O-]	ZINC05331770
c1ccc2c(c1)C[C@H](N2)C3(CCCCC3)O	ZINC05332174
CCOc1cccc(c1O)/C=N/NC(=O)c2c3c([nH]n2)CCCC3	ZINC05353862
C(#C[C@@H](C(Cl)(Cl)Cl)O)[C@H](C(Cl)(Cl)Cl)O	ZINC05368627
C/C(=C\c1ccccc1)/C=C/C(=O)[O-]	ZINC05369382
C[C@@H]1C[n+]2c(cc(cc2C(=O)O1)c3ccccc3)c4ccccc4	ZINC05370009
C[n+]1cccc(c1SSc2c(ccc[n+]2C)O)O	ZINC05377989
Cc1cc(=O)n([nH]1)CCCc2ccccc2	ZINC05378575
C/C(=C(\C#N)/C1=CCCCC1)/[NH3+]	ZINC05380703
c1cc(ccc1c2ccc(nn2)SCc3ccncc3)F	ZINC05381035
CCCC[C@@](C)(c1[nH]c2ccccc2n1)O	ZINC05385585
CCc1c(c(nc(n1)N)N)c2ccc(c(c2)[N+]#N)Cl	ZINC05386873
[H]/N=C(/C)\[C@H](C#N)C1=CCCC[C@@H]1C	ZINC05387150
c1cc(c2[n+](c1)c(cs2)[O-])Nc3ccc(cn3)[N+](=O)[O-]	ZINC05389739
Cc1c(c(ccn1)c2ccccc2)C#N	ZINC05394129
CCc1ccc(cc1)/C=N/NC(=O)c2c3c([nH]n2)CCC3	ZINC05403161
COc1ccc(c(c1)OC)/C=N/NC(=O)c2c3c([nH]n2)CCCC3	ZINC05403212
CC1(Cc2c(cc3c([n+]2c4ccccc4)CC(CC3=O)(C)C)C(=O)C1)C	ZINC05415246
C/C(=N\N1CCOCC1)/c2cc(c(c(c2)OC)OC)OC	ZINC05416357
C[C@]1(C[C@H]2CCCC[C@@H]2C[C@@]1(C)O)COC	ZINC05464628
c1nc2c3c4c(sc3nc(n2n1)Cl)CCC4	ZINC05478569
c1[nH]c2c(n1)nc(nc2N3CCOCC3)N4CCCCC4	ZINC05479619
c1[nH]c2c(n1)nc(nc2N3CCCCC3)N4CCOCC4	ZINC05479620
c1ccc(cc1)[C@@H]2C(=CC(=O)O2)c3ccccc3	ZINC05487917
c1c(c(c(c(c1Cl)N)Cl)N)Cl	ZINC05510798
COc1ccc(cc1OC)C(=O)NCC(=O)OC	ZINC05514187
c1ccc(cc1)/C(=N\NC(=O)N)/c2c(cc(cn2)C(F)(F)F)Cl	ZINC05515149
C1CCC(=NNC(C(F)(F)Cl)(C(F)(F)Cl)O)C1	ZINC05566693
c1cc(c(cc1Cl)NC(=O)[C@H]2CC=CC[C@H]2C(=O)[O-])O	ZINC05567999
c1cc(cc(c1)[N+](=O)[O-])/C=N/c2ccc(cc2O)[N+](=O)[O-]	ZINC05569042
C[C@@H]1[C@H]([C@@H](C2=C(O1)C(=O)c3ccccc3C2=O)O)O	ZINC05572865
CN(C)c1ccc(cc1)C(=NNC(=O)N)c2ccc(cc2)N(C)C	ZINC05586339
c1ccc(cc1)C[C@@H](CO)NC(=O)Cc2ccccc2	ZINC05603592
c1ccc(cc1)Cc2ccccc2OC[C@@H](CO)O	ZINC05603732
CN1C(=O)N[C@@H]([C@@H]([C@@]1(C(F)(F)Cl)O)C(=O)OC)c2ccccc2	ZINC05603746
c1ccc(cc1)OCCOC[C@@H](CO)O	ZINC05604078
CCOC(=O)c1c(=O)[nH]c2cc(c(cc2n1)OC)OC	ZINC05615643
C1CCCC(CC1)[NH2+]C[C@H](C(F)(F)F)O	ZINC05621489
Cc1cc(=O)[nH]c(n1)N2CCCCCC2	ZINC05625821
Cc1cc2ncc(c(n2n1)C)c3ccc(c(c3)OC)OC	ZINC05697972
c1ccc2c(c1)ccc3c2CCC[C@@H]3O	ZINC05699716
CCOC(=O)N/C(=N\C(=O)OCC)/c1ccc(cc1)[N+](=O)[O-]	ZINC05717049
COc1ccc(c(c1)/C=N/c2ccc(cc2O)[N+](=O)[O-])OC	ZINC05720306
C[C@@H]1C[C@@H]2[C@@H]3Cc4ccc(c(c4[C@]2(CC[NH+]3C)CC1=O)O)OC	ZINC05732949
C[NH2+][C@H]1Cc2ccc(c(c2[C@@]3([C@@H]1CCC(=O)C3)C=C)OC)OC	ZINC05732955
COc1ccc(cc1OC)/C=N/Nc2ccc(cn2)C(F)(F)F	ZINC05738750
Cc1cc2ncc(c(n2n1)c3ccc(cc3)Cl)C#N	ZINC05793393
C[C@H]1CCC[C@@H]([C@@H]1C)NC(=O)CSc2nnc(o2)c3ccco3	ZINC05814054
C([C@H](CS)S)[NH2+]C(CO)(CO)CO	ZINC05830242
CN1CC(=O)N2[C@@H](C1=O)Cc3c4ccccc4[nH]c3[C@@H]2c5ccccc5	ZINC05879226
C[NH+](C)CCC(=NO)CC[NH+](C)C	ZINC05891973
Cc1nc(c2c3c(sc2n1)CCCC3)NC4CC4	ZINC05938203
c1ccc(cc1)NCc2cc(=O)[nH]c3c2cccc3	ZINC05939079
Cc1cc2nc(c(c(n2n1)Cl)CCCl)C	ZINC05961188
c1ccc(cc1)[C@H]2CC(=O)C(=O)N2c3ccccc3	ZINC05999601
Cc1c2c(cc[nH+]1)c3ccccc3[nH]2	ZINC06069162
Cc1cc2c(c[nH+]1)c3ccccc3[nH]2	ZINC06070238
Cc1ccc(cc1)CN2C[C@H](CC2=O)C(=O)Nc3ccc(cc3)OC	ZINC06152172
Cc1cc(ccc1[N+](=O)[O-])C(=O)Nc2cccc3c2cccn3	ZINC06203084
C[C@H](c1ccccc1)NC(=O)CCCC(=O)[O-]	ZINC06253039
C/C(=N/S(=O)(=O)c1ccc(cc1)/N=N\N(C)C)/[O-]	ZINC06292969
Cc1c2c(ccn1)c3ccccc3n2S(=O)(=O)O	ZINC06348552
CCOc1cc(ccc1OC)/C=N/NC(=O)c2ccc(cc2)N(C)C	ZINC06393516
CCNS(=O)(=O)c1cc(c(cc1C)Cl)C	ZINC06401380
CCNS(=O)(=O)c1cc(c(cc1Cl)Cl)Cl	ZINC06401383
CCc1cccc2c1[nH]cc2/C=N\O	ZINC06509614
c1ccc(cc1)/N=N/[C@H](O)[C@H](O)/N=N/c2ccccc2	ZINC06529083
C[C@H]1CCCC[C@H]1NC(=O)CSc2nnc(o2)Cc3ccccc3	ZINC06543951
CC(=O)Nc1ccc(cc1)c2[nH]c(c(n2)c3ccco3)c4ccco4	ZINC06549877
C[C@]12CCCc3c1n(c(=O)cc3[O-])-c4c2cccc4	ZINC06556279
Cc1ccc(cc1)c2cc3[nH]c(c(c(=O)n3n2)C)C	ZINC06556809
C/C(=C\C(=O)c1cc(ccc1O)Cl)/[O-]	ZINC06562810
c1cc(c(c(c1F)F)F)S(=O)(=O)NC2CC2	ZINC06588888
Cc1cc2nc(cc(n2n1)C)c3ccccc3	ZINC06690930
c1cc(c(cc1NC(=O)NC2CC2)Cl)F	ZINC06727051
c1c(c(cc(c1Cl)Cl)Cl)S(=O)(=O)NC2CC2	ZINC06741366
C=CCn1c(nnc1SCC(=O)NC2CCCC2)c3ccccn3	ZINC06742607
CCNS(=O)(=O)c1cc(c(cc1C)Cl)Cl	ZINC06742730
CCCC(=O)Nc1nc2nc(c(c(n2n1)C)Cl)C	ZINC06746182
CC(=O)N1[C@@H](CSC12CC[NH+](CC2)C)C(=O)[O-]	ZINC06750015
Cc1ccc(cc1)c2nc3nc(c(c(n3n2)C)C(=O)C)C	ZINC06759730
Cc1ccc(cc1C)[C@@]2(C(=O)NC(=O)N2)c3ccccc3	ZINC06787309
CSc1nc(n(n1)c2ccc(cc2)[N+](=O)[O-])N	ZINC06794427
CN(Cc1ccccc1)S(=O)(=O)c2ccc3c(c2)CCC(=O)N3	ZINC06818375
CC(C)Cn1c(nnc1SCC(=O)N)N2CCOCC2	ZINC06852338
CC1=C(Sc2ccccc2N1)C(=O)[O-]	ZINC06859231
Cc1ccc(cc1)CN2C[C@@H](CC2=O)C(=O)N3CCN(CC3)C(=O)C	ZINC06938279
c1ccc2c(c1)ccn2CC(=O)N3CCc4c3cccc4	ZINC07099450
c1ccc(cc1)[C@H]2Nc3ccccc3C(=O)N2CC(F)(F)F	ZINC07113192
CC(=O)c1ccc(cc1)N2CCN(CC2)C(=O)c3ccc(c(c3)F)F	ZINC07150368
c1ccc2c(c1)[C@H](CCO2)NC(=O)[C@H]3CC(=O)N(C3)Cc4ccco4	ZINC07217536
c1cc(ccc1C(F)(F)F)S(=O)(=O)NC2CC2	ZINC07375448
C[C@H](C(=O)N1CCN(CC1)c2ccccc2)Oc3ccccc3OC	ZINC07382478
c1cn(c(n1)SCC(=O)NC2CCCCC2)C3CCCC3	ZINC07415970
c1cn(c(n1)SCC(=O)NC2CCCC2)C3CCCCC3	ZINC07416075
Cc1ccc(cc1C)N2C[C@@H](CC2=O)C(=O)Nc3ccncc3	ZINC07452535
c1ccc(c(c1)Cn2cc(ccc2=O)C(=O)Nc3cccnc3)Cl	ZINC07570637
CN(c1ccccc1)C(=O)c2ccc(=O)n(c2)Cc3ccc(cc3)F	ZINC07573931
Cc1cc(nc2c1c3nc(cc(n3n2)Cl)C)C	ZINC07636163
C[C@@H](C1CC1)NS(=O)(=O)c2ccc(cc2)C(F)(F)F	ZINC07703263
c1ccc(cc1)Cc2cc[n+](cc2)CC(=O)c3ccc(c(c3)F)F	ZINC07744890
Cc1c(sc2c1c(=O)n(c(n2)SCc3c(noc3C)C)C)C	ZINC07778471
c1ccc(cc1)[C@H]2Nc3ccccc3C(=O)N2C4CC4	ZINC07885975
CN(C)c1ccc(cc1)[C@H]2Nc3ccccc3C(=O)N2C4CC4	ZINC07885993
COc1ccc(cc1)[C@H]2Nc3ccccc3C(=O)N2C4CC4	ZINC07886015
CCCOc1ccc(cc1)[C@H]2Nc3ccccc3C(=O)N2C4CC4	ZINC07886335
CCOc1cc(ccc1OCC#C)/C=N/NC(=O)C	ZINC07946439
Cc1c(cc(o1)CCC(=O)Nc2nccs2)C(=O)C	ZINC08113123
CN(Cc1cnn(c1)Cc2ccccc2)c3c4ccsc4ncn3	ZINC08324450
CC(C)N(C(C)C)C(=O)COC(=O)c1cc2ccccc2[nH]1	ZINC08325649
Cc1ccc(cc1)n2c3c(cn2)c(=O)[nH]c(=S)[nH]3	ZINC08393128
c1ccc(cc1)C[C@@H]2CCCC[NH2+]2	ZINC08462925
c1cc(ccc1c2[nH]c(c([nH+]2)c3ccc(cc3)F)c4ccncc4)N	ZINC08536493
Cn1c(=O)c2c(cc(=O)[nH]c2n(c1=O)c3ccccc3)[O-]	ZINC08578841
Cn1ccnc1SCc2cc(=O)[nH]c3c2cccc3	ZINC08584475
c1cc(ccc1C(=O)N2CC[NH+](CC2)CCc3ccncc3)F	ZINC08586750
Cc1cc2c(cc1C)N(c3c(c(=O)[nH]c(n3)N)C2(C)C)C	ZINC08615381
c1ccc2c(c1)C(=O)C(=C(C2=O)[O-])[C@@H](C(Cl)(Cl)Cl)O	ZINC08619391
CCCCNC(=O)C1CCN(CC1)c2nc3ccccc3o2	ZINC08662085
c1ccc(cc1)c2cc(=O)[nH]c3c2cccc3	ZINC08673103
c1ccc(cc1)n2c3c(c(cc(=O)[nH]3)[O-])c(=O)[nH]c2=O	ZINC08673151
Cc1csc(n1)NC(=O)c2ccc3c(c2)nc(n3c4ccccc4)C	ZINC08706421
COc1ccc(cc1)C(=O)Nc2ccc3c(c2)CCC(=O)N3	ZINC08736282
c1cc(oc1)CN2C(=O)/C(=C/c3ccc4c(c3)OCO4)/C(=NC2=O)[O-]	ZINC08743020
c1cc2c(cc1N3C(=O)/C(=C/c4ccsc4)/C(=O)N=C3[O-])OCO2	ZINC08743431
Cc1c(c(n[nH]1)c2ccc(cc2O)O)c3ccc4c(c3)OCCCO4	ZINC08744114
CC(C)Cn1c(nnc1SCC(=O)N)c2ccccc2	ZINC08783696
COc1ccccc1C(=O)Nc2ccc3c(c2)CCC(=O)N3	ZINC08803963
COc1cccc(c1)C(=O)Nc2ccc3c(c2)CCC(=O)N3	ZINC08803966
CCOc1ccccc1/C=N/NC(=O)c2c3c([nH]n2)CCC3	ZINC08816935
CCOc1cccc(c1O)/C=N/NC(=O)c2c3c([nH]n2)CCC3	ZINC08816950
c1ccc(cc1)[C@@H]2c3ccccc3CCNC2=S	ZINC08828995
c1ccc(cc1)OC(=O)c2cc(=O)[nH]c3c2cccc3	ZINC08861086
Cc1cc2nc(c(c(n2n1)C)Cc3ccc(nc3)Cl)C	ZINC08873612
Cc1cc(cc(c1C)S(=O)(=O)N(C)C)[N+](=O)[O-]	ZINC08877550
c1cc(ccc1/C=N/NC(=O)c2c3c([nH]n2)CCC3)O	ZINC08903697
COc1ccc(cc1)CNC(=O)c2ccc3c(c2)CCC(=O)N3	ZINC08918980
COc1ccc(cc1)NC(=O)c2ccc3c(c2)CCC(=O)N3	ZINC08939401
Cc1c(c(n[nH]1)c2ccc(cc2O)O)Oc3ccc(cc3)C(=O)OC	ZINC08973079
CCONS(=O)(=O)c1ccc(c(c1)Cl)Cl	ZINC08982828
Cc1cc(c(c(n1)Cl)CCl)Cl	ZINC08983659
c1cc(ccc1C(=O)[O-])SC(F)F	ZINC08983758
c1ccnc(c1)/C=N/NC(=O)c2c3c([nH]n2)CCCC3	ZINC09007754
C=CCc1cccc(c1O)/C=N/NC(=O)c2c3c([nH]n2)CCCC3	ZINC09007974
COc1ccc(cc1)/C=N/NC(=O)c2c3c([nH]n2)CCCC3	ZINC09041977
CCNS(=O)(=O)c1ccc(c(c1Cl)C)Cl	ZINC09061925
CCn1cc(c2c1cccc2)/C=C\3/C(=O)NC(=O)N=C3[O-]	ZINC09089920
Cc1nc(n(n1)c2ccc3ccccc3n2)c4ccccc4O	ZINC09142721
Cc1ccc(cc1[N+](=O)[O-])C(=O)Nc2cccc3c2ccc(n3)C	ZINC09190342
CCC(=O)Nc1nc2nc(c(c(n2n1)O)Cl)C	ZINC09202654
COc1cccc(c1)/C=N/NC(=O)c2c3c([nH]n2)CCCC3	ZINC09233160
c1ccc(c(c1)/C=N/NC(=O)c2c3c([nH]n2)CCC3)O	ZINC09271185
c1ccc(cc1)/C=N/NC(=O)c2c3c([nH]n2)CCC3	ZINC09275714
CCCN(Cc1cc(=O)[nH]c2c1cccc2)C(=O)CC	ZINC09303426
Cc1cc(n(n1)c2nc(c(c(n2)Cl)Br)C)C	ZINC09306182
Cc1ccc(cc1)n2c3c(c4c(c2=O)CCCC4)c(ncn3)N	ZINC09423548
Cc1c(c(n(n1)C)C)/C=C/C(=O)Nc2ccc(c(c2)[N+](=O)[O-])F	ZINC09450710
C[C@@H](C(=O)[O-])NC(=O)N1CCC(CC1)c2nc3ccccc3s2	ZINC09530919
CCOC(=O)c1c(c2c(ncnc2s1)NCC#C)C	ZINC09533404
COc1ccc(cc1C(=O)NCC=C)Br	ZINC09695761
CCNC(=O)c1cc(ccc1OC)Br	ZINC09695795
COc1cccc(c1)CNC(=O)N2CCc3c(ccs3)C2	ZINC09711183
Cc1ccoc1C(=O)N2CCc3c(sc4c3c(ncn4)N)C2	ZINC09721393
Cc1cc2ccccc2n1CC(=O)N3CCc4c(ccs4)C3	ZINC09896899
Cc1c(c(on1)N)C(=O)OCC(=O)NCC(=O)NC(C)C	ZINC09949563
COc1ccccc1NC(=O)c2ccc3c(c2)CCC(=O)N3	ZINC09952766
c1ccc(cc1)CNC(=O)NCC2(CCC2)c3ccccc3	ZINC09961270
Cc1cc2nc(c(c(n2n1)C)CCC(=O)N3CCCCCC3)C	ZINC10030690
c1cc(sc1)[C@@H](c2ccc(cc2)F)NC(=O)C[NH+]3CCC(CC3)O	ZINC10053396
c1cc(cnc1)NC(=O)c2ccc(=O)n(c2)Cc3ccc(cc3)F	ZINC10187848
Cc1ccc(cc1)Cn2cc(ccc2=O)C(=O)Nc3cccnc3	ZINC10187894
c1cc(c(cc1[N+](=O)[O-])Cl)C(=O)NC[C@@H]2COC3(O2)CCCC3	ZINC10220537
CCC(=O)NCCOc1ccc(nn1)c2ccc(cc2)C	ZINC10335826
CCC(=O)NCCOc1ccc(nn1)c2ccc(cc2)F	ZINC10509267
Cc1c(c2c(c(c1Cl)Cl)OCC(=O)N2)Cl	ZINC10860306
c1ccc2c(c1)c(c[nH]2)CCC(=O)N3CCc4c(ccs4)C3	ZINC10922095
c1ccc2c(c1)N(C(=O)CO2)CCC(=O)N3CCc4c(ccs4)C3	ZINC10923707
C=C1c2ccccc2C(=O)N1CCC(=O)N3CCc4c(ccs4)C3	ZINC10924807
Cc1c(n(c(n1)SCC(=O)NCc2ccco2)CC(C)C)C	ZINC11304625
Cc1cc(c(cc1S(=O)(=O)N(CCO)CCO)Cl)Cl	ZINC11566232
CC(C)(CCC(=O)[O-])c1ccccc1	ZINC11631047
Cc1ccc(cc1)C(C)(C)CCC(=O)[O-]	ZINC11631048
Cc1ccc(cc1C(=O)NCC2(CC2)c3ccccc3)S(=O)(=O)N	ZINC11750559
Cn1c(ccn1)C(=O)N[C@H]2CC(=O)N(C2)Cc3cccc4c3cccc4	ZINC11754146
c1ccc(c(c1)CC2(CCN(CC2)C(=O)Cn3cnnn3)CO)Cl	ZINC11813584
CCn1c(c(cn1)C[NH2+][C@H]2CC(=O)N(C2)Cc3cccc(c3)F)C	ZINC11818405
C[C@@H](c1ccc2c(c1)CCCC2)NC(=O)CCC(=O)[O-]	ZINC11847627
COc1ccc2c(c1)O/C(=C\c3cccc(c3)O)/C2=O	ZINC11865129
c1ccc(cc1)CC[C@@]2(CCC[NH+](C2)C3CCSCC3)CO	ZINC11874364
c1ccc2c(c1)cccc2C3(CC3)[NH3+]	ZINC11885310
COc1ccc(cc1)C(=O)NCC2(CC2)c3ccc(cc3)OC	ZINC11899274
Cn1cccc(c1=O)C(=O)NCC2(CC2)c3ccc(cc3)F	ZINC11899821
c1cc(ccc1n2c3c(cn2)c([nH]c(=S)n3)[O-])F	ZINC11919811
c1cc(cc(c1)O)/C=C\2/C(=O)c3ccc(cc3O2)O	ZINC11990412
c1ccc(cc1)CNC(=O)Cn2c(=O)c(cc(n2)c3cccs3)N	ZINC12146595
C[C@@H]1CCCC[C@@H]1NC(=O)Cn2c(=O)c(cc(n2)c3ccco3)N	ZINC12146636
C[C@H](C(=O)NC1CC1)n2c(=O)c(cc(n2)c3cccs3)N	ZINC12181217
C[C@@H]1CCCN(C1)C(=O)[C@@H](C)n2c(=O)c(cc(n2)c3cccs3)N	ZINC12181273
Cc1ccc(o1)c2cc(c(=O)n(n2)[C@H](C)C(=O)NC3CC3)N	ZINC12182870
c1ccc2c(c1)nc(s2)CCC(=O)N3CCc4c(ccs4)C3	ZINC12215833
Cc1csc(=O)n1CCC(=O)N2CCc3c(ccs3)C2	ZINC12216622
c1cc(cc(c1)F)CN2C[C@@H](CC2=O)NC(=O)C3CCOCC3	ZINC12297686
CCOc1cc(cc(c1C)O)C	ZINC12321303
COc1ccc2c(c1)ccn2CCC(=O)N3CCc4c3cccc4	ZINC12324403
COc1ccc2c(c1)ccn2CCC(=O)N3CCC4(CC3)OCCO4	ZINC12324747
C=CCNS(=O)(=O)Cc1ccc(c(c1)Cl)Cl	ZINC12343803
c1cc(c(cc1O)OC(F)(F)F)Cl	ZINC12359287
c1cc(cc2c1ccnc2O)Br	ZINC12360025
c1ccc(c(c1)/C=N/c2ccccc2C(=O)[O-])O	ZINC12375300
c1ccc(cc1)Cn2ccc3c(c2=O)cc(c(n3)N4CCOCC4)C#N	ZINC12376632
CC(C)(C)c1cc(no1)NC(=O)c2ccc(c(c2)OC)OC	ZINC12381611
CC(C)CNS(=O)(=O)Cc1ccc(c(c1)Cl)Cl	ZINC12382296
CC(C)CNS(=O)(=O)Cc1cccc(c1)Cl	ZINC12382299
CC(C)NS(=O)(=O)Cc1ccc(c(c1)Cl)Cl	ZINC12382642
COC1=C/C(=C/NNC(=O)c2ccc(cc2)Cl)/C=C(C1=O)Cl	ZINC12406878
C1CCC/C(=C\CC1)/CC(=O)[O-]	ZINC12417527
c1ccc(c(c1)CN2C[C@H](CC2=O)NC(=O)C3CCOCC3)Cl	ZINC12430509
C[N+]1(CC[C@]23c4c5ccc(c4O[C@H]2[C@@H](C=C[C@H]3[C@H]1C5)O)OC)C	ZINC12478058
c1cc(ccc1/C=C/2\C(=O)N(C(=N2)[S-])c3ccc(cc3)F)C(=O)[O-]	ZINC12504647
Cc1c(c2cc(ccc2oc1=O)Cl)[O-]	ZINC12505623
c1c2cc(c(cc2[nH]c1C=O)Cl)Cl	ZINC12506052
C=CCOc1ccc(cc1)[C@H]2Nc3ccccc3C(=O)N2C4CC4	ZINC12523263
Cc1cccc(c1C)C(=O)N2CCC(=CC2)c3c[nH]c4c3cccn4	ZINC12552457
c1ccc(c(c1)N/N=C(/C#N)\C(=S)N)[N+](=O)[O-]	ZINC12559775
c1ccc2c(c1)nc(s2)N3CCN(CC3)Cc4cn5ccccc5[nH+]4	ZINC12575487
c1ccc(cc1)CC[C@@]2(CCCN(C2)C(=O)CCC(F)(F)F)CO	ZINC12578258
CN(Cc1ccccc1)c2c(ccc[nH+]2)CNC(=O)CC=C	ZINC12580863
c1cc2c(c(c1)F)N(CCC2)CC(=O)N3CCc4c(ccs4)C3	ZINC12590690
Cc1nc2cc(ccc2n1c3ccccc3)C(=O)Nc4ccn(n4)C	ZINC12604496
CCO[C@@H]1C(=C(C(=O)NC(=O)N1)C)c2ccc(cc2)OC	ZINC12618949
Cc1nc2cc(ccc2n1c3ccccc3)C(=O)Nc4ccncc4	ZINC12627228
Cc1ccccc1CC[C@H]2CCCN(C2)C(=O)c3ccoc3	ZINC12704026
CCN(CC)N=Nc1ccc(cc1)C(=O)[O-]	ZINC12726078
C[C@H](c1ccccc1)N2CCN(CC2)C(=O)c3ccccc3F	ZINC12749721
CN(C(=O)c1cc(c(s1)N2CCOCC2)c3ccccc3)OC	ZINC12771242
c1ccnc(c1)SCC(=O)N2CCc3c(ccs3)C2	ZINC12787622
CN(Cc1ccccc1Cl)C(=O)c2cc(=O)[nH]c3c2cccc3	ZINC12808196
Cc1ccc(s1)/C=C/2\c3c(c(c([nH]3)C(=O)C)C)C(=O)NC2=O	ZINC12902715
Cc1cc2nc(c(c(n2n1)C)CCC(=O)N3CCOCC3)C	ZINC12911732
c1ccc(c(c1)CCC(=O)N2CCc3c(ccs3)C2)O	ZINC12919118
Cc1cc2nc(c(c(n2n1)C)CCC(=O)N(C)[C@H](C)C(C)(C)C)C	ZINC12919598
Cc1cc(nc2c1ccc(n2)Cl)C	ZINC12933380
c1ccc(cc1)c2c3c(ccn2)c4cc(ccc4[nH]3)N	ZINC12940181
COc1cc(cc(c1)OC)CCC(=O)N2CCc3c(ccs3)C2	ZINC12972099
c1ccc2c(c1)nc(o2)N3CCC(CC3)C(=O)NCC4CC4	ZINC12972807
C[C@@H](c1ccccc1)N(C)C(=O)c2ccc(nc2)N3CCOCC3	ZINC12993734
Cc1cc2nc(c(c(n2n1)C)CCC(=O)NCCC(C)C)C	ZINC13004621
CCOc1ccccc1NC(=O)COc2ccc3c(c2)CCC(=O)N3	ZINC13005325
Cc1cc2nc(c(c(n2n1)C)CCC(=O)N(C)Cc3ccsc3)C	ZINC13022844
COc1cccc(c1)NC(=O)c2ccc3c(c2)CCC(=O)N3	ZINC13023074
CC(=O)[C@H]1[C@@H](NC(=O)N[C@]1(C(F)(F)F)O)c2cccs2	ZINC13114384
COc1ccc(cc1)c2ccnc(n2)c3ccc(cc3)O	ZINC13125630
Cc1cccc(c1)n2c(=S)sc(n2)SCc3c(noc3C)C	ZINC13135348
C[C@H](C(=O)Nc1ccccc1F)N2CCN(CC2)c3ccccc3	ZINC13137661
c1cc(cc(c1)F)/C=C/C(=O)N2CCC[C@@H](C2)C(=O)[O-]	ZINC13170396
CCc1c(c(nc([nH+]1)N)N)c2ccc(c(c2)N)NCC[NH3+]	ZINC13212469
CCOCc1c(c(nc(n1)N)N)c2cccc(c2)Cl	ZINC13283456
[H]\N=C(/C(=C(\[O-])/OCC)/C(=O)OCC)\C(Cl)(Cl)Cl	ZINC13284722
CCOCc1c(c(nc(n1)N)N)c2ccc(cc2)Cl	ZINC13284927
CCOCc1c(c(nc(n1)N)N)c2ccc(c(c2)Cl)Cl	ZINC13284972
c1ccc(cc1)c2c3c(c(=O)[nH]cn3)sc2SCC#N	ZINC13395297
Cc1ccccc1CC(=O)Nc2ccc(cc2)CC(=O)[O-]	ZINC13439996
CC(C)(C)c1ccc(c(c1)NC(=O)[C@H]2CC=CC[C@H]2C(=O)[O-])O	ZINC13469949
c1ccc(cc1)C[C@H]2CCCC[C@@H]2[NH3+]	ZINC13495675
Cc1ccc(cc1C)C(=O)COC(=O)c2cc(=O)[nH]c3c2cccc3	ZINC13522232
c1ccc(cc1)c2nc([nH]n2)c3ccc(cc3)N	ZINC13556356
c1ccc(cc1)C\2=NOC(=O)/C2=C\c3ccccc3O	ZINC13573701
C[NH+](C)CCNS(=O)(=O)Cc1cccc(c1)Cl	ZINC13631900
c1cc(sc1)/C=N/NC(=O)c2c3c([nH]n2)CCCC3	ZINC13635946
C[NH+](C)CCNS(=O)(=O)Cc1ccc(c(c1)Cl)Cl	ZINC13647306
c1ccc(cc1)C[C@@H](CO)NC(=O)C(=O)Nc2ccncc2	ZINC13689006
CC(C)CCNC(=O)[C@H]1CCCN(C1)C(=O)c2cc3ccccc3[nH]2	ZINC13719676
CN(Cc1cc(=O)[nH]c2c1cccc2)C(=S)NC3CC3	ZINC13725782
CN(Cc1cc(=O)[nH]c2c1cccc2)C(=S)NCC=C	ZINC13725877
CN(Cc1cc(=O)[nH]c2c1cccc2)C(=S)NCCOC	ZINC13727007
CN(C)/N=N/c1ccc(cc1)S(=O)(=O)/N=C(\[O-])/OC	ZINC13943902
CCCNS(=O)(=O)Cc1ccc(cc1)Cl	ZINC14291486
c1cc(cc(c1)NC(=O)c2ccncc2)C(=O)N3CCCC3	ZINC14559906
c1cc(c(c(c1)Cl)C[NH2+]C[C@@]2(CCCN(C2=O)CC3CC3)O)F	ZINC14953906
Cc1c(c(on1)C)C(=O)N[C@H]2CC(=O)N(C2)Cc3cccc(c3)F	ZINC15065999
CCCn1c(c(cn1)C[NH2+][C@H]2CC(=O)N(C2)Cc3cccc(c3)F)C	ZINC15071801
C1[C@@H](C1(Cl)Cl)CS(=O)(=O)C[C@@H]2CC2(Cl)Cl	ZINC15162202
c1cc(c(cc1Cl)Cl)CNC(=O)c2ccc(=O)[nH]c2	ZINC15303951
CN(C(c1ccccc1)c2ccccc2)C(=O)C[NH+]3CCC(CC3)O	ZINC15306899
C[C@@H]1Cc2ccccc2N1C(=O)[C@H](C)[NH+]3CCC(CC3)O	ZINC15306918
Cc1ccc(c(c1)S(=O)(=O)CC[NH+]2CCC(CC2)O)C	ZINC15306941
Cc1ccc(cc1)[C@H]2CCC[C@@H]2O	ZINC15440761
Cc1ccccc1NC(=O)c2ccc3c(c2)CCC(=O)N3	ZINC15613697
c1ccc(cc1)CNC(=O)c2ccc3c(c2)CCC(=O)N3	ZINC15613699
CCCCn1c2ccccc2cc-3c(=O)n(c(=O)nc13)C	"ZINC1562944, "
Cc1ccc(cc1NC(=O)[C@@H](C)OC(=O)C)Cl	ZINC15642747
CCC[C@H]([C@H](n1c2ccccc2nn1)O)[C@H](O)OCC	ZINC15774119
Cc1ccc(cc1)[C@H]2n3cccc3C(=O)O2	ZINC15782434
c1ccc(cc1)C2=NN(C(=O)CC2)CCC(=O)NC3CCCC3	ZINC15879105
c1cc(ccc1CNC(=O)c2ccc(=O)[nH]c2)Cl	ZINC16024434
CN(CCOc1ccccc1F)C(=O)c2ccc3c(c2)OCC(=O)N3	ZINC16112885
c1cc2nc(c(c(=O)n2cc1Br)N)O	ZINC16448855
C[C@H](C(=O)N(C)c1ccccc1)N2CCN(CC2)c3ccccc3F	ZINC16473860
c1ccc(cc1)[n+]2c3ccccc3cc4c2ccc5c4cccc5	ZINC16491727
c1ccc2c(c1)nc(s2)/C(=C\c3ccc(cc3O)O)/C#N	ZINC16545364
CCCNS(=O)(=O)Cc1ccc(c(c1)Cl)Cl	ZINC16577733
CCNS(=O)(=O)Cc1ccc(c(c1)Cl)Cl	ZINC16578353
CN(C)S(=O)(=O)Cc1ccc(c(c1)Cl)Cl	ZINC16578472
CCN(CC)S(=O)(=O)Cc1ccc(c(c1)Cl)Cl	ZINC16578857
c1cc(ccc1CCNC(=O)c2ccc(=O)[nH]c2)F	ZINC16640296
CN([C@@H]1CCCC[C@@H]1O)S(=O)(=O)c2ccc(c(c2)Cl)OC	ZINC16649304
Cc1cc(c(c(c1)C)S(=O)(=O)N(C)[C@@H]2CCCC[C@@H]2O)C	ZINC16652469
CCCN(C[C@H](C)O)C(=S)Nc1ccccc1	ZINC16678216
c1c(c2c(c(c1Cl)Cl)C(=O)OCO2)Cl	ZINC16736406
c1cc(c(cc1Cl)Cl)/C=C\C(=O)[O-]	ZINC16891583
c1ccc(cc1)C2(C(=O)NC(=S)N2)c3ccccc3	ZINC16916510
c1ccc2c(c1)[C@@]34CCCC[C@H]3CCC(=O)[C@H]4N2	ZINC16917769
Cc1ccc(c(c1)/N=C/c2ccccc2[N+](=O)[O-])N	ZINC16930431
c1ccc(c(c1)/C=N/c2cc(ccc2N)Cl)[N+](=O)[O-]	ZINC16930459
C[C@H]1[C@@H](C2=C([C@H](O1)C)C(=O)c3ccccc3C2=O)O	ZINC16943069
C[C@H]1[C@]23CC(=O)CC[C@H]2CCc4c3c(c(cc4)OC)O1	ZINC16951570
COc1ccc2c3c1O[C@@H]4[C@]35CCN([C@H](C2)[C@@H]5C=C[C@H]4O)N=O	ZINC16951840
C[C@]12CC[C@@H](C[C@@H]1CC[C@H]3[C@H]2CC[C@@]4([C@@H]3C[C@@H]5[C@H]4OC(=O)C5)C)O	ZINC16952013
C[C@H]1[C@@H](C2=C([C@H](O1)C)C(=O)c3c(cc(cc3O)OC)C2=O)O	ZINC16952431
Cc1cc(c(n1c2ccccc2)C)/C=C/c3cccc[n+]3C	ZINC16968596
C[N+]1(CC[C@]23CCCC[C@@H]2[C@H]1Cc4c3cc(cc4)O)[O-]	ZINC16969950
C[C@]12CC[C@@H](C[C@@H]1[C@H](C[C@H]3[C@H]2CC[C@]4([C@H]3CCC4=O)C)O)O	ZINC16990833
CN(C)/N=N\c1cccc(c1)C(=O)[O-]	ZINC17021129
Cn1c2c(nc(n(c2=O)C)N)n(c1=O)[C@@H]3[C@H]([C@@H]([C@H](O3)CO)O)O	ZINC17027349
c1ccc2c(c1)c(=O)[nH]c(n2)C[C@@H](C(Cl)(Cl)Cl)O	ZINC17060316
COc1ccccc1/C=N/NC(=O)c2c3c([nH]n2)CCCC3	ZINC17145720
c1cc[nH+]c(c1)NC[C@@H]2[C@@H]([C@H]([C@@H]([C@@H](O2)Nc3cccc[nH+]3)O)O)O	ZINC17148901
C[NH2+][C@@H]1Cc2ccc(c3c2[C@@]4([C@H]1CC=C([C@@H]4O3)OC)C=C)OC	ZINC17159011
c1ccc-2c(c1)CCc3c2sc4c3c(=O)[nH]c(=S)[nH]4	ZINC17198140
Cc1ccc2c(c1)CC3(CN2C)C(=O)NC(=O)NC3=O	ZINC17209504
Cc1cc2cc3ccccc3cc2c(=O)[nH]1	ZINC17224323
c1ccc(c(c1)/C=N/c2ccccc2[N+](=O)[O-])O	ZINC17256022
c1cc2c-3c(c1)c(=O)oc3c/c(=C\c4ccc(cc4)[N+](=O)[O-])/c2=O	ZINC17256799
CCOc1ccc(cc1)C(=O)Nc2ccc3c(c2)CCC(=O)N3	ZINC17307469
CCOc1ccccc1C(=O)Nc2ccc3c(c2)CCC(=O)N3	ZINC17315857
c1ccc(cc1)/C=C\[C@H](C2=CC(=O)c3ccccc3C2=O)O	ZINC17315872
c1ccc(cc1)Nc2cc(=O)[nH]c3c2cccc3	ZINC17316716
c1ccc(cc1)[C@@]23CCCCC2=NNC(=O)C3	ZINC17324694
CC(=O)O[C@H]1C=C[C@H]2[C@@]34[C@H]1[C@@H](Cc5c3c(c(cc5)OC)O2)[NH+](CC4)C	ZINC17352663
COc1ccc(cc1OC)c2c[nH]nc2c3ccc(cc3O)O	ZINC17824005
c1ccc(cc1)Oc2ccc(cc2)/N=C\c3c[nH]nc3O	ZINC17919572
Cc1ccc(cc1)[C@H]2c3c([nH]c(=O)s3)S[C@H]4[C@@H]2C(=NC4=O)[O-]	ZINC18046806
c1ccc2c(c1)CC3([C@@H]4N2CCC4)C(=O)NC(=O)NC3=O	ZINC18060909
Cc1ccc(cc1)/C=N/NC(=O)c2c3c([nH]n2)CCCC3	ZINC18066566
COc1ccc(cc1)c2c[nH]nc2c3ccc(cc3O)O	ZINC18126402
CC(=C)Cn1c(=O)c2cc3c(nc2[nH]c1=S)CCCC3	ZINC18126759
COc1cccc(c1)/C=N/NC(=O)c2c3c([nH]n2)CCC3	ZINC18148554
c1cc(cnc1)/C=N/NC(=O)c2c3c([nH]n2)CCCC3	ZINC18148632
C=CCc1cccc(c1O)/C=N/NC(=O)c2c3c([nH]n2)CCC3	ZINC18148698
CC1(Cc2c(cc3c(n2)[nH]c(=S)[nH]c3=O)CO1)C	ZINC18182025
Cc1c(ccc(c1O)c2c(c[nH]n2)c3nc4ccccc4s3)O	ZINC18188334
CC1(CC2=C([C@@H](n3c(ncn3)N2)c4cccc(c4)O)C(=O)C1)C	ZINC18191055
Cc1ccsc1[C@H]2c3c([nH]c(=O)[nH]c3=O)NC4=C2C(=O)CCC4	ZINC18199487
C[C@@H]1CC2=C([C@H](n3c(ncn3)N2)c4ccc(cc4)F)C(=O)C1	ZINC18219412
CCOc1ccc(cc1)/C=N/NC(=O)c2c3c([nH]n2)CCCC3	ZINC18324877
Cc1c2c(cc[nH+]1)c3ccc(cc3[nH]2)OC	ZINC18847046
Cc1c2cccc(c2[nH]c1C=O)Cl	ZINC19088942
CCOC(=O)CNc1ccccc1C(=O)[O-]	ZINC19094215
Cc1cc(nc(n1)[C@H]2CCCN2C(=O)Cc3cccc(c3)F)O	ZINC19118134
COc1ccccc1OCc2ccccc2N	ZINC19275542
C(CNCCNCC[NH3+])[NH3+]	ZINC19364225
C[NH+](C)CCNCC[NH+](C)C	ZINC19366504
c1ccc(cc1)CC(=O)Nc2ccc(cc2)CC(=O)[O-]	ZINC19388912
c1ccc(cc1)[C@]2(C(=NC(=O)N2)[O-])[NH+]3CCCCC3	ZINC19419604
COC(=O)CN1CCN(CC1)C(c2ccccc2)c3ccccc3	ZINC19535208
CC1=C(C(C(=C(N1)C)C#N)c2ccc(c(c2)O)O)C#N	ZINC19594398
CS(=O)(=O)N1CCN(CC1)C(c2ccccc2)c3ccccc3	ZINC19597031
CCS(=O)(=O)N1CCN(CC1)C(c2ccccc2)c3ccccc3	ZINC19597033
CC[NH+](CC)CCN(CC)C1CC[NH+](CC1)C	ZINC19637456
COCCC[NH2+]Cc1cc(=O)[nH]c2c1cccc2	ZINC19701792
c1ccc(cc1)C[NH2+]Cc2cc(=O)[nH]c3c2cccc3	ZINC19702027
c1cc(ccc1[C@@H](C2CC2)C(=O)[O-])Cl	ZINC19726474
C[C@H](C(=O)N1CCN(CC1)Cc2ccccc2)Oc3ccccc3	ZINC19792324
COc1ccc(c(c1)OC)NC(=O)C2=CNSN2	ZINC19793781
c1cc(c(cc1NC(=O)C2=CNSN2)Cl)F	ZINC19793833
c1ccc2c(c1)C[C@@H]3CNCc4c3c(ccc4)S2	ZINC19801713
Cc1c2c(n[nH]1)OC(=C([C@]23C[C@H]([NH+](C[C@H]3C)C)C)C#N)N	ZINC19816655
CC(=O)N1CCN(CC1)C(c2ccccc2)c3ccccc3	ZINC19823301
Cc1ccc(c(c1)C(=O)NCC(C)C)O	ZINC19837230
CN(C)C(=O)N1CCN(CC1)C(c2ccccc2)c3ccccc3	ZINC19862693
Cc1cc(n(c(=O)c1C#N)c2ccccc2Cl)[O-]	ZINC20031356
CC[NH+]1CCC[C@H]1CNCC[NH+](C)C	ZINC20054269
C[C@H](C(=O)N1CCN(CC1)Cc2ccccc2)Oc3ccccc3F	ZINC20168500
COC(=O)N1CCN(CC1)C(c2ccccc2)c3ccccc3	ZINC20220558
c1cc(ccc1C[NH3+])C[NH+]2CCCCCCC2	ZINC20265141
c1cc(c(cc1[N+](=O)[O-])C2=NN[C@](C2)(C(F)(F)F)O)[O-]	ZINC20446024
c1cc(ccc1CC(=O)[O-])NC(=O)Nc2ccc(cc2F)Cl	ZINC20457666
c1ccc(cc1)CN2CCN(CC2)C(=O)CNC(=O)CC34CC5CC(C3)CC(C5)C4	ZINC20639327
Cn1c2c(cn1)c(nc(n2)N3CCCCCC3)N4CCCC4	ZINC20722689
c1ccc(cc1)C[C@@H](CO)NC(=O)c2nc(no2)c3cccs3	ZINC20727282
c1ccc(cc1)Cc2c3ccc(cc3on2)OC(=O)N4CCOCC4	ZINC20738939
c1cnc(c2c1nc(nc2)N3CCCC3)Cl	ZINC20855643
c1cc2c(cc1C(=O)N3CCCCCC3)sc(n2)N4CCOCC4	ZINC20865587
c1cc2c(cc1C(=O)N3CCCCC3)sc(n2)N4CCOCC4	ZINC20865618
CN(C(c1ccccc1)c2ccccc2)C(=O)C[NH+]3CCC[C@@H](C3)O	ZINC20941386
Cc1ccc(cc1F)N2C[C@@H](CC2=O)C(=O)Nc3nncs3	ZINC21216205
c1csc2c1c(nc(n2)Cl)Cl	ZINC21298412
Cc1ccc2c(n1)cccc2NC(=O)c3cccc(c3)[N+](=O)[O-]	ZINC21595884
c1ccc2c(c1)n(c(=O)o2)CCC(=O)N3CCc4c(ccs4)C3	ZINC21627879
CC(=O)Nc1cccc(c1)NC(=O)C2(CC2)c3ccc(cc3)F	ZINC21695672
C[C@H](C(=O)Nc1ccccc1)N2CC[NH+](CC2)Cc3ccccc3	ZINC21822271
CCOc1ccccc1NC(=O)c2ccc3c(c2)OCC(=O)N3	ZINC21889348
C[NH2+]CCNCC[NH2+]C	ZINC22035501
c1cc(nc2c1ccc(n2)Cl)Cl	ZINC22057034
c1cc(cc(c1)O)/C=c\2/c(=O)n3c(=NCCC3)s2	ZINC22204687
c1ccc2c(c1)ccn2CCC(=O)N3CCc4c(ccs4)C3	ZINC22285501
COCC(=O)N1CCN(CC1)C(c2ccccc2)c3ccccc3	ZINC22333955
c1ccc(cc1)[C@@]23CCCC[C@H]2NC(=O)CC3	ZINC22339830
C[C@H](C(=O)N1CCN(CC1)Cc2ccccc2)Oc3ccccc3C#N	ZINC22384970
c1ccc2c(c1)OC[C@H](O2)CNC(=O)N3CCc4c(ccs4)C3	ZINC22385002
COc1ccccc1NC(=O)Nc2ccc3c(c2)CCC(=O)N3	ZINC22506998
CCOc1ccccc1NC(=O)Nc2ccc3c(c2)CCC(=O)N3	ZINC22507003
C[C@@H](C(=O)NC(c1ccccc1)c2ccccc2)N3CC[NH+](CC3)C	ZINC22585748
CN(c1ccccc1)C(=O)c2ccc3c(c2)OCC(=O)N3	ZINC22589796
Cc1c(c(on1)C)CCC(=O)N2CCc3c(ccs3)C2	ZINC22597502
c1ccc2c(c1)C[C@@H](OC2=O)C(=O)N3CCc4c(ccs4)C3	ZINC22597948
c1ccc(cc1)NC(=O)NCC2(CC2)c3cccs3	ZINC22679873
c1cc(cc(c1)F)C(=O)NCC2(CC2)c3cccs3	ZINC22680085
CCCNC(=O)C(=O)NCC1(CC1)c2cccs2	ZINC22682599
C[C@@H](C(=O)N)N1CCN(CC1)C(c2ccccc2)c3ccccc3	ZINC22795870
C[C@@H](C(=O)N)N1CC[NH+](CC1)Cc2cccc3c2cccc3	ZINC22803485
C[C@H](C(=O)N)N1CC[NH+](CC1)Cc2cccc3c2cccc3	ZINC22803490
c1cc2c(c[nH]c2nc1)C3=CCN(CC3)C(=O)C[C@H]4CCC=C4	ZINC22832298
CN(C)C(=O)C[NH+]1CCN(CC1)C(c2ccccc2)c3ccccc3	ZINC22861291
C[C@H](C(=O)Nc1ccccc1)N2CC[NH+](CC2)CCc3ccccc3	ZINC22916039
Cc1cccc(n1)C(=O)NCC2(CC2)c3ccccc3	ZINC22968205
CNC(=O)c1cccc(c1)CNC(=O)C2(CC2)c3ccc(cc3)F	ZINC23135661
CCC[NH+]1CCC(CC1)N(C)C[C@H](c2ccccc2)O	ZINC23280910
Cc1c(c(on1)C)CSc2ccc(cc2Cl)[N+](=O)[O-]	ZINC23709262
CCOc1ccc(cc1)[C@H]2Nc3ccccc3C(=O)N2C4CC4	ZINC23715248
C[C@H](C(=O)Nc1ccccc1C#N)N2CC[NH+](CC2)Cc3ccccc3	ZINC23749793
c1ccc(cc1)[C@H](C(=O)N)N2CCN(CC2)c3ccccc3	ZINC24032070
c1ccc2c(c1)CCN(C2)S(=O)(=O)N3CCc4c(ccs4)C3	ZINC24052419
CN(C)c1ccc(cn1)NC(=O)[C@H]2CC(=O)N(C2)Cc3ccccc3	ZINC24115542
CCCN(Cc1ccccc1)C(=O)c2ccc3c(c2)CCC(=O)N3	ZINC24325591
CN(Cc1cnn(c1)Cc2ccccc2)c3c4ccccc4ncn3	ZINC24341830
CCN(CC)S(=O)(=O)N1CCC(=CC1)c2c[nH]c3c2cccn3	ZINC24471158
Cc1ccc(c(c1)C)C(=O)Nc2ccccc2O	ZINC24576920
c1ccc2c(c1)cnn(c2=O)C[NH+]3CCN(CC3)c4cc(ccn4)C#N	ZINC24639222
c1ccc(cc1)CNC(=O)NCC2(CC2)c3ccccc3	ZINC24745520
c1cnccc1C(=O)Nc2ncc(s2)Cc3cc(cc(c3)F)F	ZINC24830200
C[C@H]1CN(CCO1)C(=O)CN2CCc3c2ccc(c3)[N+](=O)[O-]	ZINC25612041
Cc1cc2nc(c(c(n2n1)C)CCC(=O)NOC)C	ZINC25824395
CC(=O)c1ccccc1NC(=O)COc2ccc3c(c2)CCC(=O)N3	ZINC25898566
Cc1cc2nc(c(c(n2n1)C)CCC(=O)/N=c/3\n(ccs3)C)C	ZINC25913279
c1ccc(cc1)[C@H](C(=O)N)N2CCN(CC2)C(=O)c3ccccc3	ZINC26161323
CCOC(=O)c1c2c(c3n1cccc3)c(=O)[nH]c(=O)[nH]2	ZINC26475886
Cc1c(c2ccccc2[nH]1)Br	ZINC26513872
Cc1cc2nc(c(c(n2n1)C)CCC(=O)NCC(C)C)C	ZINC26523025
COc1ccccc1Oc2cnc(nc2c3ccc(cc3O)O)N	ZINC26571805
Cc1csc(n1)NC(=O)C[NH+]2CCC(CC2)O	ZINC26903089
C[C@H](c1ccccc1)N2C(=O)C(=O)N(C2=O)CC(=O)N3CCOCC3	ZINC27288222
COc1cccc(c1)SCC(=O)N2CCc3c(ccs3)C2	ZINC27663145
c1ccc(cc1)C(=O)c2c3c(c4n2cccc4)c(=O)[nH]c(=O)[nH]3	ZINC27788872
C[C@H](C(=O)N)[NH+]1CCN(CC1)Cc2ccc(s2)c3ccccc3F	ZINC27904853
Cc1c(sc2c1c(nc(n2)C)NCC=C)C	ZINC28162270
Cc1cc2c(nc(nc2s1)C)Nc3ccccc3O	ZINC28162708
COc1cccc(c1)Cn2cc(cn2)NC(=O)c3ccncc3	ZINC28220828
CCn1c(ccn1)C(=O)Nc2cnn(c2)Cc3c(cccc3Cl)F	ZINC28238510
CCCn1c(ccn1)C(=O)Nc2cnn(c2)Cc3ccccc3C	ZINC28245834
CCNS(=O)(=O)c1cc(c(cc1C)C)C	ZINC28463490
c1ccc2c(c1)ccn2CCC(=O)N(Cc3cccnc3)C4CC4	ZINC28517371
Cc1cc2nc(c(c(n2n1)C)CCC(=O)NC(C)C)C	ZINC28645985
Cc1ccsc1Cn2c(=O)c3ccccc3[nH]c2=S	ZINC28962120
c1ccc2c(c1)-c3ccccc3C2NC(=O)C[NH+]4CCC(CC4)O	ZINC28968007
Cc1cc(no1)NC(=O)c2ccc3c(c2)nc(n3c4ccccc4)C	ZINC29078308
c1ccc(cc1)[C@H](c2cccs2)NC(=O)C[NH+]3CCC(CC3)O	ZINC29597329
CNC(=O)C[NH+]1CCN(CC1)C(c2ccccc2)c3ccccc3	ZINC29634790
C[C@H]1CN(C[C@@H](O1)C)C(=O)c2ccc(cc2)OCc3ccncc3	ZINC29748127
CC[NH+](Cc1cc(=O)oc2c1ccc(c2C)O)C3CC3	ZINC29912862
C[C@@H]([C@@H]1CCCO1)NS(=O)(=O)c2ccc(c(c2)F)OC	ZINC30335231
c1c2c(ncnc2Cl)sc1Br	ZINC30678411
c1cc(c(cc1C(=O)Nc2ccc3c(c2)[nH]c(=O)o3)Cl)Cl	ZINC31255544
Cc1cccc2c1OC(=O)C[C@@H]2c3ccccc3	ZINC00313218
Cc1c(c(on1)C)COC(=O)c2c(nsc2NC)C	ZINC31627888
Cc1cc2nc(c(c(n2n1)C)CCC(=O)N(C)[C@H](C)C(C)C)C	ZINC31716598
c1ccc(cc1)COc2ccc3c(c2)ccn3CC(=O)[O-]	ZINC31775965
CC1CCC(CC1)NC(=O)c2ccc(cc2)OCc3cccnc3	ZINC32064144
c1ccc2c(c1)ccn2CC(=O)NC3CCCC3	ZINC32096020
c1ccc(cc1)c2c3ccc(cc3on2)OC(=O)N4CCOCC4	ZINC32103660
c1cc(ccc1OCCC[NH+]2CCC(CC2)O)F	ZINC32107862
Cc1cc(nc(n1)N)N2CCN(CC2)S(=O)(=O)C	ZINC32558440
c1cc2c(cc1Cl)N=C3C(=NNC(=N3)[O-])S2	ZINC32598899
c1cc(cc(c1)C(F)(F)F)Cn2cc(cn2)NC(=O)c3ccncc3	ZINC32610058
c1cc2c(c[nH]c2nc1)C3=CCN(CC3)C(=O)c4cc5c(s4)CCC5	ZINC32619703
Cc1cc(c(c2c1nccc2)N)Cl	ZINC32627551
Cc1ccc(c(c1)C)[C@@H](C)NC(=O)CCCC(=O)[O-]	ZINC32648393
COC(=O)CC[NH+]1CCN(CC1)C(c2ccccc2)c3ccccc3	ZINC32679759
Cc1ccccc1C(=O)N2CCC(=CC2)c3c[nH]c4c3cccn4	ZINC32754667
CN(Cc1cccs1)C(=O)c2ccc3c(c2)CCC(=O)N3	ZINC32836638
Cc1ccccc1CCNC(=O)c2ccc3c(c2)CCC(=O)N3	ZINC32836662
CN(Cc1ccco1)C(=O)c2ccc3c(c2)CCC(=O)N3	ZINC32836687
CCN(Cc1cccs1)C(=O)c2ccc3c(c2)CCC(=O)N3	ZINC32836750
CN(Cc1ccsc1)C(=O)c2ccc3c(c2)CCC(=O)N3	ZINC32836861
C[C@@H]1CCCC[C@H]1NC(=O)CSc2nnc(o2)C(C)C	ZINC32863530
CCCCC(=O)N1CCC(=CC1)c2c[nH]c3c2cccn3	ZINC32891503
CN([C@H]1CCc2c1cccc2)C(=O)c3ccc4c(c3)CCC(=O)N4	ZINC32905311
c1ccc(cc1)C2CCN(CC2)C(=O)c3ccc4c(c3)CCC(=O)N4	ZINC32908302
c1cc(c(cc1Br)C(=O)NCC2CC2)O	ZINC32909802
Cc1nc(c(c(n1)Cl)I)[O-]	ZINC32911348
Cc1c(c(nc([nH+]1)N)N)I	ZINC32911391
Cc1c(c(nc(n1)N)Cl)I	ZINC32911392
c1ccnc(c1)c2nc(on2)CCC(=O)N3CCc4c(ccs4)C3	ZINC32914405
c1ccc(cc1)C(=O)N2CCC(CC2)CC(=O)N3CCOCC3	ZINC32974093
c1cc(ccc1CNC(=O)Nc2cc3ccc(=O)[nH]c3c(c2)F)F	ZINC33127202
c1cc(ccc1C(=O)Nc2cc3ccc(=O)[nH]c3c(c2)F)Cl	ZINC33127215
Cc1nc(no1)COc2ccc(cc2)C(=O)N[C@H]3CCC[C@H](C3)C	ZINC33184726
Cc1ccc(cc1)[C@@H]2[C@H](C(=O)C[C@@]([C@@H]2C(=O)C)(C)O)C(=O)C	ZINC33662987
COC(=O)[C@H]1CC2(CC[NH+](CC2)Cc3ccccc3)N4[C@@H]1CCC4	ZINC33821657
c1ccc(c(c1)C(=O)[O-])N/C=C\C(=O)C(F)(F)F	ZINC33891765
C[C@@]12CCN([C@@H]1N(c3c2cc(cc3)O/C(=N/C)/O)C)C	ZINC33971762
c1cnc(nc1N2CCCCCC2)Cl	ZINC34493133
Cc1ccc(cc1)Nc2[n+](c3c(s2)c(=O)[nH]c(=O)[nH]3)CCO	ZINC35053122
Cc1cccc(c1NC(=O)[C@@](C)(O)OC(=O)C)C	ZINC35622355
C[C@H](C(=O)N(C)Cc1ccccc1)[NH+]2CCN(CC2)c3ccccc3	ZINC35853669
CCOC(=O)N1CC[N+](=c2/c(=N/Cc3ccccc3)/c(c2O)O)CC1	ZINC36095658
CC1(COCCN1C(=O)c2ccc(c(c2)OC)OC)C	ZINC36101987
Cc1ccc(cc1)Cn2ccc3c(c2=O)cnc(n3)N4CCOCC4	ZINC36235782
CC(C)CCN1C[C@@H](CC1=O)C(=O)Nc2nccs2	ZINC36359834
C[NH+](C)CCNC(=O)c1ccc(cc1)n2cnc3ccccc3c2=O	ZINC36367263
c1ccc(cc1)[C@H](C(=O)N)N2CCN(CC2)C(=O)Nc3ccccc3	ZINC36390249
CN([C@H]1CCCc2c1cccc2)C(=O)c3ccc4c(c3)CCC(=O)N4	ZINC36390765
Cc1c(cc(o1)CCC(=O)Nc2ccccn2)C(=O)C	ZINC36395303
CC1=C([C@H](C(=C(N1)C)C(=O)OC)c2cccc(c2)N)C#N	ZINC36610855
c1ccc(cc1)c2cc(c(=O)n(n2)CC(=O)NCc3cccs3)N	ZINC36709040
CN(Cc1ccccc1F)C(=O)[C@H]2CCCN(C2)C(=O)c3ccoc3	ZINC36729401
c1ccc(cc1)[C@H](C(=O)N)N2CCN(CC2)c3ccccc3Cl	ZINC37181216
C[C@H](C(=O)N)N1CCN(CC1)C(=O)c2ccccc2	ZINC37207185
c1cc(c(cc1Cl)Cl)[C@@H]2C[C@H]2C(=O)[O-]	ZINC37380915
Cc1cc(n(c-2nc(=O)[nH]c(=O)c12)c3ccc(cc3)F)C	ZINC37868918
C[C@@]1(CC[C@@H](C1(C)C)C(=O)NCCc2ccccc2)C(=O)[O-]	ZINC38140758
CSc1nc(c(c(n1)Cl)C(=O)[O-])Cl	ZINC38339237
COCCNC(=O)NCC1(CC1)c2ccc(cc2)F	ZINC38489656
c1cc(sc1)NC(=O)NCC2(CC2)c3ccc(cc3)F	ZINC38489658
c1cc(sc1)CNC(=O)NCC2(CC2)c3ccc(cc3)F	ZINC38489659
COc1ccc(cc1)CNC(=O)NCC2(CC2)c3ccc(cc3)F	ZINC38489669
c1ccc(cc1)CNC(=O)NCC2(CC2)c3ccc(cc3)F	ZINC38591529
c1ccc(cc1)CNC(=O)NCC2(CC2)c3cccs3	ZINC38593140
COc1cccc(c1)NC(=O)NCC2(CC2)c3cccs3	ZINC38593154
C[C@@]1(CC[C@@H](C1(C)C)C(=O)NNC(=O)c2ccccc2)C(=O)[O-]	ZINC39162211
c1ccc(cc1)CN2CCN(CC2)C(=O)c3ccc4c(c3)CCC(=O)N4	ZINC39419150
Cc1nc2ccccc2n1CC(=O)N3CCc4c(ccs4)C3	ZINC40034706
COc1cccc(c1)SCC(=O)c2ccc3c(c2)CCC(=O)N3	ZINC40068659
COc1ccc(cc1)C2=CCN(CC2)C(=O)c3cc(cc(c3)F)F	ZINC40119706
COc1ccc(cc1)C2=CCN(CC2)C(=O)c3cc(ccc3F)F	ZINC40122418
c1cc(c(cc1[N+](=O)[O-])Cl)NC[C@H]([C@H]2CCOC2)[NH+]3CCCC3	ZINC40153822
c1ccc(c(c1)Cn2cc(ccc2=O)C(F)(F)F)F	ZINC40159308
Cc1ccc2c(c1)ccn2CCC(=O)N3CCC(CC3)C(=O)N	ZINC40266810
c1ccc2c(c1)ccn2CCC(=O)N3CCC(CC3)C(=O)[O-]	ZINC40288424
CC(C)CNc1c2cc(c(cc2ncn1)OC)OC	ZINC40313364
CN(C)c1ccc(cc1)CN(C)C(=O)C[NH+]2CCC(CC2)O	ZINC40466211
C[C@H](C(=O)N)[NH+]1CCN(CC1)c2nc3ccccc3s2	ZINC40473631
CN(CCOc1ccccc1)C(=O)c2ccc3c(c2)CCC(=O)N3	ZINC40475356
c1ccc(c(c1)N2C[C@@H](CC2=O)C(=O)Nc3ccncc3)F	ZINC40476545
COC(=O)c1c(nc(s1)N2CCCCC2)N3CCCC3=O	ZINC40478932
Cc1c(scn1)C(=O)N(C)Cc2ccc(cc2)N3CCOCC3	ZINC40534033
C[C@H]1CN(C[C@@H](O1)C)C(=O)Nc2cccc(c2)OC(F)F	ZINC40540524
CCN(CC)C(=O)c1ccc(o1)COc2ccc3c(c2)CCC(=O)N3	ZINC40553290
CC1CCN(CC1)c2ccc(c[nH+]2)CNC(=O)Nc3nccs3	ZINC40553527
c1cc2c(c[nH]c2nc1)C3CCN(CC3)C(=O)c4cc(cc(c4)F)F	ZINC40555099
c1c(c(nc(n1)Cl)Cl)CI	ZINC40564582
Cc1ccc2c(c1)cnn2CCC(=O)N3CCCCCC3	ZINC40758713
COc1cc-2cc3c([nH]c(=O)nc3n(c2cc1=O)Cc4ccccc4)[O-]	ZINC41074114
CC[C@H](c1ccccc1)N2Cc3c(cnc(n3)N4CCOCC4)C2=O	ZINC41122925
C[C@H]1CN(C[C@@H](O1)C)c2ncc3c(n2)CN(C3=O)Cc4cccnc4	ZINC41122963
COc1cccc(c1)NC(=O)C(=O)NCC2(CCC2)c3ccccc3	ZINC41220323
Cc1cccc(c1NC(=O)C(=O)NC[C@H](C(F)(F)F)O)C(C)C	ZINC41417063
c1cc2c(c(c1)Br)ncnc2NC3CC3	ZINC41470719
CCNc1c2cc(ccc2ncn1)Br	ZINC41470837
c1cc2c(cc1F)c(nc(n2)C(F)(F)F)NC3CC3	ZINC41471029
CC(C)CNc1c2cccc(c2ncn1)F	ZINC41471124
Cc1c2c(ncnc2n(n1)c3ccccc3F)NC	ZINC41474560
Cc1cc(c2cc(ccc2[nH+]1)Br)NC	ZINC41474727
CCNc1cc[nH+]c2c1cc(cc2)Cl	ZINC41474783
C[C@@H]1CN(C[C@H](O1)C)c2c3ccc(c(c3ncn2)OC)OC	ZINC41475133
CC[NH+](CC)Cc1c(ccc2c1occ(c2=O)Cl)O	ZINC41510815
CC(C)C(=O)NC1(CC1)c2ccc(cc2)Cl	ZINC41534355
CC(C)C(=O)NC1(CC1)c2ccc(cc2)F	ZINC41534386
CC(C)CC(=O)NC1(CC1)c2ccc(cc2)F	ZINC41535169
c1cc(oc1)C(=O)NC2(CC2)c3ccc(cc3)F	ZINC41564693
CN(C)C(=O)NC1(CC1)c2ccc(cc2)Cl	ZINC41566291
c1ccc(cc1)C2(CC2)NC(=O)c3cccc(c3)F	ZINC41566825
c1ccnc(c1)C(=O)NCC2(CC2)c3cccc(c3)Cl	ZINC41567494
CCOC(=O)NCC1(CC1)c2ccc(cc2)OC	ZINC41569497
CCOC(=O)NCC(C)(C)c1ccc(c(c1)OC)OC	ZINC41569525
CCOC(=O)NC1(CC1)c2ccc(cc2)Cl	ZINC41569589
CCN(CC)C(=O)NC1(CC1)c2ccc(cc2)F	ZINC41569851
Cc1ccc2c(c1)c(=O)n(c(n2)SCc3c(noc3C)C)C	ZINC42177448
CC1=NN(CC1)c2ccc(cc2)C(=O)NC3CC([NH2+]C(C3)(C)C)(C)C	ZINC42196603
CC1(CC(CC([NH2+]1)(C)C)NC(=O)C2CCN(CC2)C(=O)N(C)C)C	ZINC42196617
CCN(C1CC1)C(=O)COC(=O)c2cc3ccccc3[nH]2	ZINC42231108
c1cnc2nc(nn2c1)CC(=O)Oc3ccc4c(c3)c5c(o4)CCCC5	ZINC42311721
CCCNS(=O)(=O)c1ccc(c(c1)Cl)C	ZINC42985608
c1cc(c(cc1NC(=O)NC(C2CC2)C3CC3)F)F	ZINC43266510
C[C@@H](C(=O)N(C)c1ccccc1)[NH+]2CCC(CC2)O	ZINC43302496
Cc1cc(nc([nH+]1)N)N2CCN(CC2)c3ncccn3	ZINC43532188
c1ccn2c(c1)nnc2CNC(=O)N3CCc4c(ccs4)C3	ZINC43710509
c1ccc(cc1)C(=O)Oc2cc(cc(c2O)N)Cl	ZINC43827469
CN(CC(=O)Oc1ccc2c(c1)CCC(=O)N2)C(=O)c3ccccc3	ZINC44695731
Cc1ccccc1OC(=O)[C@@H]2CC(=O)N(C2)c3ccccc3F	ZINC44717703
CCOc1cccc(c1O)CNc2c(cccc2C)C	ZINC44836360
CCN(c1ccccc1)C(=O)COc2ccc3c(c2)CCC(=O)N3	ZINC44839708
c1cnc(nc1N2CCCC2)N3CCC(CC3)C(=O)[O-]	ZINC44845789
c1cnc(nc1N2CCCCC2)N3CCC(CC3)C(=O)[O-]	ZINC44845813
COc1ccccc1OCCNC(=O)c2ccc3c(c2)CCC(=O)N3	ZINC44889411
c1ccnc(c1)CNC(=O)N2CCc3c(ccs3)C2	ZINC44894494
CCN(Cc1ccco1)C(=O)c2ccc3c(c2)CCC(=O)N3	ZINC44909316
Cc1cc2nc(c(c(n2n1)C)CCC(=O)N3CCOC[C@@H]3C)C	ZINC44912580
C[C@H]1COCCN1C(=O)c2cc3c(c(c2)Cl)OCCO3	ZINC44912636
c1ccc2c(c1)ccn2CCC(=O)N3CCC(CC3)C(=O)N	ZINC44920831
C[C@H]1CN(CCO1)c2ccc(c[nH+]2)CNC(=O)Nc3nccs3	ZINC44936948
CC(=O)Nc1nc(cs1)C(=O)NCC2(CC2)c3ccc(cc3)F	ZINC44954921
c1cc(ccc1C[C@@H](CO)NC(=O)NCc2ccc(s2)Cl)O	ZINC44967378
c1cc(=O)[nH]cc1C(=O)NNc2c(cc(cc2Cl)Cl)Cl	ZINC45051482
c1ccc(cc1)[C@H]2c3cccn3CCN2C(=O)C4CC4	ZINC45248701
CC[C@@H](c1ccc(cc1)Cl)NC(=O)N2CCC[C@@H](C2)O	ZINC45405652
C[C@@H]1CN([C@@H](CO1)C)C(=O)/C=C/c2cccc(c2)[N+](=O)[O-]	ZINC45496588
C[C@H]1COCCN1C(=O)NC2CCN(CC2)C(=O)c3ccccc3F	ZINC45737099
c1cc2c(c[nH]c2nc1)C3=CCN(CC3)C(=O)NCc4ccsc4	ZINC46025851
C[C@@H]1CN(C[C@H](O1)C)c2ncc3c(n2)CN(C3=O)C[C@@H]4CCCO4	ZINC46087064
C[C@@H](c1ccccc1)N2Cc3c(cnc(n3)N4CCOCC4)C2=O	ZINC46087981
COCc1cccc(c1)CNC(=O)N2CCc3c(ccs3)C2	ZINC46156834
CN(CC(=O)Oc1ccc2c(c1)CCC(=O)N2)C(=O)c3cccs3	ZINC46189491
c1ccc(cc1)N2C[C@@H](CC2=O)C(=O)Oc3cccc(c3)F	ZINC46223699
c1cc2c(c[nH]c2nc1)C3=CCN(CC3)c4c(cccn4)C(F)(F)F	ZINC47510436
Cc1cc([nH]n1)NC(=O)C2CCN(CC2)C(=O)c3cccs3	ZINC47555458
Cc1nc(no1)COc2ccc(cc2)C(=O)NC3CC[NH+](CC3)C	ZINC47615501
CN(CCc1ccccn1)C(=O)COc2ccc3c(c2)CCC(=O)N3	ZINC47629469
CNC(=O)NCC1(CCCC1)c2ccc(cc2)F	ZINC47717893
Cc1cc(c(c(c1)Br)O)C(=O)NCC#C	ZINC47816097
C=CCn1c(nnc1SCC(=C)Cl)C2CC2	ZINC47822249
c1ccc(cc1)n2cc(c(n2)c3ccncc3)C[NH3+]	ZINC47843755
CCC[C@@H](c1ccccc1)C(=O)NCCNC(=O)C	ZINC47871828
Cc1cc(sc1C)C(=O)N(C)Cc2ccc(cc2)N3CCOCC3	ZINC48262069
c1cc(ncc1[N+](=O)[O-])NC[C@H]([C@H]2CCOC2)[NH+]3CCCC3	ZINC48301260
CC1CCC(CC1)N(C)C(=O)c2ccc(nc2)N3CCOCC3	ZINC48301736
Cc1cc(n(n1)C)NC(=O)C2CCN(CC2)C(=O)c3cccs3	ZINC48302374
C=CCn1c(nnc1SCC(=C)Cl)c2ccco2	ZINC48398021
c1cc2c(c[nH]c2nc1)C3=CCN(CC3)C(=O)C4CC4	ZINC48439120
C[C@H](CO)NC(=O)NCC1(CCCC1)c2ccc(cc2)F	ZINC48543337
Cc1ccsc1C(=O)N(C)Cc2ccccc2O	ZINC48606732
Cc1c(sc(n1)C)[C@H](C)/N=C/c2cccc(c2O)OC	ZINC48627925
CNC(=O)N1CCC(=CC1)c2c[nH]c3c2cccn3	ZINC48645485
CCNC(=O)NCC1(CCC1)c2cccc(c2)Br	ZINC48732410
CN(Cc1cccc(c1)O)C(=O)Cc2ccccc2Cl	ZINC48735952
Cc1cc([nH+]c(n1)N)N(C)CCc2ccc(cc2)F	ZINC48921568
CCn1ccnc1S(=O)(=O)Cc2ccc(c(c2)Cl)Cl	ZINC49102197
Cc1c(cco1)/C(=C(\C#N)/C(=O)c2ccc(cc2)S(=O)(=O)C)/[O-]	ZINC49164724
Cc1c(cco1)/C(=C(\C#N)/C(=O)c2cccc(c2)[N+](=O)[O-])/[O-]	ZINC49166352
Cc1c(oc(n1)NC(=O)N2CCN(CC2)S(=O)(=O)C)C	ZINC49337795
CNC(=O)NC1(CC1)c2ccc(cc2)Br	ZINC49517723
Cn1cccc(c1=O)C(=O)NCC2(CC2)c3cccs3	ZINC49521031
CCN(c1ccccc1)C(=O)[C@H](C)[NH+]2CCC(CC2)O	ZINC49967885
c1ccc2c(c1)CCC[C@@H]2C(=O)NCc3ccccc3CO	ZINC50002921
CC(C)(C)OC(=O)NCCC(=O)[C@@H](C#N)C(=O)NC1CCCCC1	ZINC50682026
C[S@](=O)c1ccc(cc1)C(=O)Oc2ccc3c(c2)CCC(=O)N3	ZINC51654985
Cc1ccc(cc1OC)C(=O)N2CC[NH+](CC2)CCc3ccncc3	ZINC52041717
Cc1c(c(on1)C)C(=O)NC2CCN(CC2)C(=O)c3ccccc3F	ZINC53018979
CN(C)C(=O)C1CC[NH+](CC1)CCCc2ccccc2	ZINC53095976
c1cnccc1NC(=O)[C@@H]2CC(=O)N(C2)c3cc(cc(c3)F)F	ZINC53140302
CC[C@@H](c1ccccc1)C(=O)NCCC(=O)NC2CCCC2	ZINC53324211
CC(C)CN(C1CC1)C(=O)CSc2ncc(c(n2)N)C#N	ZINC53548588
C[C@@H](CC#N)N1CCN(CC1)C(c2ccccc2)c3ccccc3	ZINC53602235
C[C@H](C(=O)Nc1ccccc1)N2CC[NH+](CC2)Cc3ccccn3	ZINC53811127
C[C@H](C(=O)Nc1ccc(c(c1F)F)F)[NH+]2CCC(CC2)OC	ZINC53897486
COC1CCN(CC1)C(=O)NC(c2ccccc2)c3ccccc3	ZINC53956503
Cc1ccccc1C(=O)N/N=C(/C)\c2csc(n2)N	ZINC54281351
CC(C)Oc1ccc(cc1)[C@H]2Nc3ccccc3C(=O)N2C	ZINC54426346
C[NH+]1CCC(CC1)NC(=O)c2ccc(cc2)N3CCCCC3=O	ZINC54460091
CCOc1ccc(cc1)[C@H]2Nc3ccccc3C(=O)N2CC#C	ZINC54701996
c1cc2c(cccn2)c(c1)NC(=O)c3ccc(cc3F)[N+](=O)[O-]	ZINC54916934
C[C@@H](c1ccc(cc1)S(=O)(=O)C)NC(=O)C=C(C2CC2)C3CC3	ZINC55068114
CC[C@H](CO)N(Cc1cccs1)C(=O)c2cnccc2C	ZINC55119167
C[NH+]1CCC2(CC1)[C@@H](C(=NC(=S)[C@H]2C#N)[O-])C#N	ZINC55180444
CC[NH+]1CCC2(CC1)[C@@H](C(=NC(=S)[C@H]2C#N)[O-])C#N	ZINC55180527
c1cc(sc1CNC[C@@]2(CCCN(C2=O)CC3CC3)O)Cl	ZINC55199689
c1ccc(cc1)COc2cccc(c2)[C@H]3N[C@@H](CS3)C(=O)[O-]	ZINC55207648
Cc1cccc(c1)c2ncc(cn2)CN(C)Cc3[nH]c4ccccc4n3	ZINC55393491
c1cc(cc(c1)Cl)C(=O)N2CCC(=CC2)c3c[nH]c4c3cccn4	ZINC55553157
c1cc2c(c[nH]c2nc1)C3=CCN(CC3)C(=O)/C=C/c4ccsc4	ZINC55553332
C[C@H](C(=O)Nc1ccccc1)N2CCN(CC2)c3ccccc3	ZINC55564249
Cc1c(scn1)C(=O)Nc2ccc(cc2)C(=O)N3CCCCCC3	ZINC55742777
Cc1cc(ccc1NC(=O)c2ccncc2)C(=O)N3CCC(CC3)C	ZINC55752973
CN(C)c1ccc(cc1)C(=NNC(=O)N)c2ccc(cc2)N(C)C	ZINC05586339
Cc1c(c(on1)C)C(=O)Nc2ccc(cc2)N(C)Cc3ccccc3	ZINC55866946
CN(c1ccc(c(c1)F)F)C(=O)[C@@H]2CC(=O)N(C2)c3ccccc3	ZINC56227017
Cc1ccc(cc1)C(=O)N2CCN(CC2)C(=O)Nc3ccncc3	ZINC56499765
C[C@@H]1CN(CCO1)C(=O)Nc2ccc(cc2)N(C)Cc3ccccc3	ZINC56679264
C[C@H](C(=O)N(C)c1ccccc1)N2CCN(CC2)c3ccccc3	ZINC57024255
C[C@H](C(=O)Nc1ccccc1)N2CCN(CC2)c3ccccc3F	ZINC57024340
c1cc(c(c(c1)Cl)CCCl)F	ZINC57217532
CC(C)Oc1ccccc1CNC(=O)NC[C@H](C(F)(F)F)O	ZINC57219381
CC[C@@H](CO)NC(=O)NCc1ccccc1OC(C)C	ZINC57220388
C[C@H](C(=O)N)N1CCN(CC1)c2ccc(cc2)F	ZINC57290201
c1ccc(cc1)C(=O)Oc2ccc(cc2)[C@@H]3N[C@@H](CS3)C(=O)[O-]	ZINC57315319
C[C@H](C(=O)N)N1CCN(CC1)c2ccc(cc2)OC	ZINC57322009
C/C(=N\N1CCOCC1)/c2ccc(c(c2)OC)OC	ZINC57470883
C[NH+](C)CCSc1nnc(n1CC=C)c2ccccc2	ZINC57508696
Cc1cccc(c1)NCC(=O)N2CCc3c(ccs3)C2	ZINC57624716
CCOC1CC[NH+](CC1)C/C=C/c2ccccc2	ZINC57755227
C[C@@H](Cc1ccsc1)NC(=O)N[C@@H](Cc2ccccc2)CO	ZINC57855340
CCOc1ccc(cc1)SCc2c(noc2C)C	ZINC57899493
CCN(Cc1ccc(cc1)N(C)C)C(=O)c2ccc(cc2)c3cnco3	ZINC58016428
COCc1cccc(c1)NC(=O)NCC2(CC2)c3ccccc3	ZINC58058562
C=CCN(Cc1ccccc1)C(=O)c2ccc(cc2)c3cnco3	ZINC58105060
C[C@@H]1CN(C[C@@H](O1)C)C(=O)C[C@@](C)(C(F)(F)F)O	ZINC58203051
CN(Cc1[nH]c2ccccc2n1)C(=O)/C=C/c3ccc4c(c3)OCCO4	ZINC58244306
COc1ccccc1SCC(=O)N2CCc3c(ccs3)C2	ZINC58245568
CC1(COCCN1C(=O)c2ccc(c(c2)OC)OC(F)F)C	ZINC58278026
CC[C@H](C(=O)N)N1CC[NH+](CC1)Cc2ccccc2F	ZINC58323244
Cc1cc(nc(n1)N)N2CCN(CC2)C(=O)CC3CCCCC3	ZINC58325081
c1ccc(cc1)C[C@H]([C@@H](C(F)F)O)NC(=O)Nc2cccc(c2)C#N	ZINC58356348
Cc1cccc(c1C)C(=O)N2CCC(CC2)CCN3CCOCC3	ZINC58424110
Cc1ccc(cc1)CC(=O)N2CCc3c(ccs3)C2	ZINC58527351
CCS(=O)(=O)Cc1ccc(c(c1)Cl)Cl	ZINC58593284
C[C@H]1CCC[C@@H]([C@@H]1C)NC(=O)COc2nnc(o2)c3ccccc3	ZINC58733284
C[C@@H]1C[C@H]1C(=O)NCC(C)(C)c2ccc3c(c2)OCCO3	ZINC58759056
CC(C)(CNC(=O)C1CC1)c2ccc3c(c2)OCCO3	ZINC58759412
c1ccc(cc1)C[NH+]2CCc3c(c(=O)nc([nH]3)N)C2	ZINC06383023